<?xml version="1.0" encoding="UTF-8"?>
<!DOCTYPE mapper PUBLIC "-//mybatis.org//DTD Mapper 3.0//EN" "http://mybatis.org/dtd/mybatis-3-mapper.dtd">
<mapper namespace="com.oy.wms.baim.strt.set.puta.BaimPutaStrtMapper">
    
    <!-- BaimPutaStrtMVO -->
    <select id="selectPutaStrtList" parameterType="com.oy.wms.baim.strt.set.puta.vo.BaimPutaStrtMVO" resultType="com.oy.wms.baim.strt.set.puta.vo.BaimPutaStrtMVO">
		/*com.oy.wms.baim.strt.set.puta.BaimPutaStrtMapper.selectPutaStrtList 적치전략설정 조회*/
		SELECT
			'0' AS CHK
			,A.CNTR_CD
			,A.WH_CD
			,B.WH_NM
			,A.PUTA_STRT_CD
			,A.PUTA_STRT_DSCR
			,A.DEL_YN
			,A.REG_USER_ID
			,A.REG_DTIME
			,A.MODI_USER_ID
			,A.MODI_DTIME
		FROM TB_BAIM_PUTA_STRT_M A
			,TB_BAIM_WARE B
		WHERE A.CNTR_CD = B.CNTR_CD
		AND A.WH_CD = B.WH_CD
		<if test="cntrCd != null and cntrCd != '' ">
		AND A.CNTR_CD = #{cntrCd}
		</if>
		<if test="whCd != null and whCd != '' ">
		AND A.WH_CD = #{whCd}
		</if>
		<if test="putaStrtCd != null and putaStrtCd != '' ">
		AND A.PUTA_STRT_CD = #{putaStrtCd}
		</if>
		<if test='delYn != null and delYn !=""'>
		AND A.DEL_YN = #{delYn}
		</if>
	  	ORDER BY A.CNTR_CD
    </select>
    
    <insert id="insertPutaStrtList" parameterType="com.oy.wms.baim.strt.set.puta.vo.BaimPutaStrtMVO">
		/*com.oy.wms.baim.strt.set.puta.BaimPutaStrtMapper.insertPutaStrtList 적치전략설정 추가*/
		INSERT INTO TB_BAIM_PUTA_STRT_M (
			 CNTR_CD
			,WH_CD
			,PUTA_STRT_CD
			,PUTA_STRT_DSCR
			,DEL_YN
			,REG_USER_ID
			,REG_DTIME
			,MODI_USER_ID
			,MODI_DTIME
		) VALUES (
			 (SELECT COUNT(*) +1 FROM TB_BAIM_PUTA_STRT_M)
			,#{whCd}
			,#{putaStrtCd}
			,#{putaStrtDscr}
			,'N'
			,#{regUserId}
			,current_timestamp
			,#{modiUserId}
			,current_timestamp
		)
    </insert>
    
    <update id="updatePutaStrtList" parameterType="com.oy.wms.baim.strt.set.puta.vo.BaimPutaStrtMVO">
		/*com.oy.wms.baim.strt.set.puta.BaimPutaStrtMapper.updatePutaStrtList 적치전략설정 수정*/
		UPDATE TB_BAIM_PUTA_STRT_M
		SET 
			 PUTA_STRT_DSCR = #{putaStrtDscr}
			,MODI_USER_ID = #{modiUserId}
			,MODI_DTIME   = current_timestamp
		WHERE CNTR_CD = #{cntrCd}
		AND WH_CD = #{whCd}
		AND PUTA_STRT_CD = #{putaStrtCd}
    </update>
    
    <update id="deletePutaStrtList" parameterType="com.oy.wms.baim.strt.set.puta.vo.BaimPutaStrtMVO">
		/*com.oy.wms.baim.strt.set.puta.BaimPutaStrtMapper.deletePutaStrtList 적치전략설정 삭제*/
		UPDATE TB_BAIM_PUTA_STRT_M
		SET 
			 DEL_YN       = 'Y'
			,MODI_USER_ID = #{modiUserId}
			,MODI_DTIME   = current_timestamp
		WHERE CNTR_CD = #{cntrCd}
		AND WH_CD = #{whCd}
		AND PUTA_STRT_CD = #{putaStrtCd}
	</update>
	
	 <!-- BaimPutaStrtDVO -->
	 <select id="selectPutaStrtListDetail" parameterType="com.oy.wms.baim.strt.set.puta.vo.BaimPutaStrtDVO" resultType="com.oy.wms.baim.strt.set.puta.vo.BaimPutaStrtDVO">
		/*com.oy.wms.baim.strt.set.puta.BaimPutaStrtMapper.selectPutaStrtListDetail 상세적치전략설정 조회*/
		SELECT
			'0' AS CHK
			,A.CNTR_CD
			,A.WH_CD
			,B.WH_NM
			,A.PUTA_STRT_CD
			,A.DTL_NO
			,C.PUTA_STRT_DSCR
			,A.PUTA_TYPE_CD
			,A.PUTA_SECT_CD
			,A.PUTA_ZONE_CD
			,A.FROM_CELL_CD
			,A.TO_CELL_CD
			,A.LOC_TYPE_CD1
			,A.LOC_TYPE_CD2
			,A.LOC_TYPE_CD3
			,A.LOC_TYPE_CD4
			,A.CELL_TYPE_CD1
			,A.CELL_TYPE_CD2
			,A.CELL_TYPE_CD3
			,A.CELL_TYPE_CD4
			,A.HLD_STTS_CD
			,A.PUTA_LOC_CD
			,A.MIXED_ITEM_YN
			,A.MIXED_LOT_YN
			,A.WT_CHK_YN
			,A.VOL_CHK_YN
			,A.EMPTY_CELL_CHK_YN
			,A.PUTA_CELL_TYPE_CD
			,A.WHIB_TYPE_CHECK_YN
			,A.ZONE_CD
			,A.PUTA_STRT_DSCR
			,A.DEL_YN
			,A.REG_USER_ID
			,A.REG_DTIME
			,A.MODI_USER_ID
			,A.MODI_DTIME
		FROM TB_BAIM_PUTA_STRT_D A
			,TB_BAIM_WARE B
			,TB_BAIM_PUTA_STRT_M C
		WHERE A.DEL_YN = 'N'
        AND A.CNTR_CD = B.CNTR_CD
        AND A.WH_CD = B.WH_CD	
        AND A.CNTR_CD = C.CNTR_CD
        AND A.WH_CD = C.WH_CD
        AND A.PUTA_STRT_CD = C.PUTA_STRT_CD	
		<if test="cntrCd != null and cntrCd != '' ">
		AND A.CNTR_CD = #{cntrCd}
		</if>
		<if test="whCd != null and whCd != '' ">
		AND A.WH_CD = #{whCd}
		</if>
		<if test="putaStrtCd != null and putaStrtCd != '' ">
		AND A.PUTA_STRT_CD = #{putaStrtCd}
		</if>
		<if test="dtlNo != null and dtlNo != '' ">
		AND A.DTL_NO = #{dtlNo}
		</if>
	  	ORDER BY A.CNTR_CD 
    </select>
    
    <insert id="insertPutaStrtListDetail" parameterType="com.oy.wms.baim.strt.set.puta.vo.BaimPutaStrtDVO">
		/*com.oy.wms.baim.strt.set.puta.BaimPutaStrtMapper.insertPutaStrtListDetail 상세적치전략설정 추가*/
		INSERT INTO TB_BAIM_PUTA_STRT_D (
			 CNTR_CD
			,WH_CD
			,PUTA_STRT_CD
			,DTL_NO
			,PUTA_TYPE_CD
			,PUTA_SECT_CD
			,PUTA_ZONE_CD
			,FROM_CELL_CD
			,TO_CELL_CD
			,LOC_TYPE_CD1
			,LOC_TYPE_CD2
			,LOC_TYPE_CD3
			,LOC_TYPE_CD4
			,CELL_TYPE_CD1
			,CELL_TYPE_CD2
			,CELL_TYPE_CD3
			,CELL_TYPE_CD4
			,HLD_STTS_CD
			,PUTA_LOC_CD
			,MIXED_ITEM_YN
			,MIXED_LOT_YN
			,WT_CHK_YN
			,VOL_CHK_YN
			,EMPTY_CELL_CHK_YN
			,PUTA_CELL_TYPE_CD
			,WHIB_TYPE_CHECK_YN
			,ZONE_CD
			,PUTA_STRT_DSCR
			,DEL_YN
			,REG_USER_ID
			,MODI_USER_ID
		) VALUES (
			 (SELECT COUNT(*) +1 FROM TB_BAIM_PUTA_STRT_D)
			,#{whCd}
			,#{putaStrtCd}
			,(SELECT COUNT(*) +1 FROM TB_BAIM_PUTA_STRT_D)
			,#{putaTypeCd}
			,#{putaSectCd}
			,#{putaZoneCd}
			,#{fromCellCd}
			,#{toCellCd}
			,#{locTypeCd1}
			,#{locTypeCd2}
			,#{locTypeCd3}
			,#{locTypeCd4}
			,#{cellTypeCd1}
			,#{cellTypeCd2}
			,#{cellTypeCd3}
			,#{cellTypeCd4}
			,#{hldSttsCd}
			,#{putaLocCd}
			,#{mixedItemYn}
			,#{mixedLotYn}
			,#{wtChkYn}
			,#{volChkYn}
			,#{emptyCellChkYn}
			,#{putaCellTypeCd}
			,#{whibTypeCheckYn}
			,#{zoneCd}
			,#{putaStrtDscr}
			,'N'
			,#{regUserId}
			,#{modiUserId}
		)

    </insert>
    
    <update id="updatePutaStrtListDetail" parameterType="com.oy.wms.baim.strt.set.puta.vo.BaimPutaStrtDVO">
		/*com.oy.wms.baim.strt.set.puta.BaimPutaStrtMapper.updatePutaStrtListDetail 상세적치전략설정 수정*/
		UPDATE TB_BAIM_PUTA_STRT_D
		SET 
			 MIXED_ITEM_YN = #{mixedItemYn}
			,MIXED_LOT_YN = #{mixedLotYn}
			,WT_CHK_YN = #{wtChkYn}
			,VOL_CHK_YN = #{volChkYn}
			,EMPTY_CELL_CHK_YN = #{emptyCellChkYn}
			,PUTA_CELL_TYPE_CD = #{putaCellTypeCd}
			,WHIB_TYPE_CHECK_YN = #{whibTypeCheckYn}
			,MODI_USER_ID = #{modiUserId}
			,MODI_DTIME   = current_timestamp
		WHERE CNTR_CD = #{cntrCd}
		AND WH_CD = #{whCd}
		AND PUTA_STRT_CD = #{putaStrtCd}
		AND DTL_NO = #{dtlNo}
    </update>
    
    <update id="deletePutaStrtListDetail" parameterType="com.oy.wms.baim.strt.set.puta.vo.BaimPutaStrtDVO">
		/*com.oy.wms.baim.strt.set.puta.BaimPutaStrtMapper.deletePutaStrtListDetail 상세적치전략설정 삭제*/
		UPDATE TB_BAIM_PUTA_STRT_D
		SET 
			 DEL_YN       = 'Y'
			,MODI_USER_ID = #{modiUserId}
			,MODI_DTIME   = current_timestamp
		WHERE CNTR_CD = #{cntrCd}
		AND WH_CD = #{whCd}
		AND PUTA_STRT_CD = #{putaStrtCd}
		AND DTL_NO = #{dtlNo}
	</update>
    
</mapper>