<?xml version="1.0" encoding="UTF-8"?>
<!DOCTYPE mapper PUBLIC "-//mybatis.org//DTD Mapper 3.0//EN" "http://mybatis.org/dtd/mybatis-3-mapper.dtd">
<mapper namespace="com.oy.wms.baim.ware.env.BaimWareEnvMapper">
	
	<select id="getBaimWareEnvList" parameterType="com.oy.wms.baim.ware.env.BaimWareEnvVO" resultType="com.oy.wms.baim.ware.env.BaimWareEnvVO">
		/*com.oy.wms.baim.ware.BaimWareEnvMapper.selectBaimWareEnvList*/
		SELECT
			 CNTR_CD
			,WH_CD
			,WH_ENV_STNG_CD
			,ENV_STNG_DMN_VAL
			,BASE_VAL
			,REAL_VAL
			,DSCR
			,DEL_YN
			,REG_USER_ID
			,TO_CHAR(REG_DTIME, 'yyyy-mm-dd') AS REG_DTIME
			,MODI_USER_ID
			,TO_CHAR(MODI_DTIME, 'yyyy-mm-dd') AS MODI_DTIME
		FROM TB_BAIM_WARE_ENV_VAR_M
		WHERE 1=1
			AND DEL_YN = 'N'
	</select>
	
	<insert id="insertBaimWareEnvList" parameterType="com.oy.wms.baim.ware.env.BaimWareEnvVO">
		/*com.oy.wms.baim.ware.BaimWareEnvMapper.insertBaimWareEnvList*/
		INSERT INTO TB_BAIM_WARE_ENV_VAR_M (
			 CNTR_CD
			,WH_CD
			,WH_ENV_STNG_CD
			,ENV_STNG_DMN_VAL
			,BASE_VAL
			,REAL_VAL
			,DSCR
			,DEL_YN
			,REG_USER_ID
			,REG_DTIME
			,MODI_USER_ID
			,MODI_DTIME
		) VALUES (
			 #{cntrCd}
			,#{whCd}
			,#{whEnvStngCd}
			,#{envStngDmnVal}
			,#{baseVal}
			,#{realVal}
			,#{dscr}
			,'N'
			,#{regUserId}
			, SYSDATE
			,#{regUserId}
			, SYSDATE
		)

	</insert>	
	
	
	<update id="updateBaimWareEnvList" parameterType="com.oy.wms.baim.ware.env.BaimWareEnvVO">
		UPDATE TB_BAIM_WARE_ENV_VAR_M
		SET 
			ENV_STNG_DMN_VAL = #{envStngDmnVal}
			,BASE_VAL = #{baseVal}
			,REAL_VAL = #{realVal}
			,DSCR = #{dscr}
			,MODI_USER_ID = #{regUserId}
			,MODI_DTIME = SYSDATE
		WHERE 1=1
			AND CNTR_CD = #{cntrCd}
			AND WH_CD = #{whCd}
			AND WH_ENV_STNG_CD = #{whEnvStngCd}
	</update>		
	
	<delete id="deleteBaimWareEnvList" parameterType="com.oy.wms.baim.ware.env.BaimWareEnvVO">
		UPDATE TB_BAIM_WARE_ENV_VAR_M
		SET 
			DEL_YN = 'Y'
			,MODI_USER_ID = #{regUserId}
			,MODI_DTIME = SYSDATE
		WHERE 1=1
			AND CNTR_CD = #{cntrCd}
			AND WH_CD = #{whCd}
			AND WH_ENV_STNG_CD = #{whEnvStngCd}
	</delete>	
	
</mapper>