<?xml version="1.0" encoding="UTF-8"?>
<!DOCTYPE mapper PUBLIC "-//mybatis.org//DTD Mapper 3.0//EN" "http://mybatis.org/dtd/mybatis-3-mapper.dtd">
<mapper namespace="com.oy.wms.baim.cust.BaimCustMapper">
    
    <!-- BaimCustVO -->
    <select id="selectCustList" parameterType="com.oy.wms.baim.cust.BaimCustVO" resultType="com.oy.wms.baim.cust.BaimCustVO">
		/*com.oy.wms.baim.cust.BaimCustMapper.selectCustList*/
		SELECT
			 CUST_ID
			,CUST_TYPE_CD
			,CUST_NM
			,CUST_ABBR_NM
			,CMPNY_DIV_CD
			,REPRE_NM
			,BZNO
			,ZIP_NO
			,ADDR
			,DTL_ADDR
			,CITY_NM
			,STATE_NM
			,TEL_NO1
			,TEL_NO2
			,TEL_NO3
			,FAX_NO1
			,FAX_NO2
			,FAX_NO3
			,EMAIL_ADDR
			,CNTRY_CD
			,SIDO
			,SKK
			,USE_YN
			,SHIP_DIV_CD
			,MDM_CD
			,MDM_USE_YN
			,MNGR_NM
			,MNGR_HP_NO1
			,MNGR_HP_NO2
			,MNGR_HP_NO3
			,MM_EXPC_SALES_AMT
			,DSCR
			,DEL_YN
			,REG_USER_ID
			,REG_DTIME
			,MODI_USER_ID
			,MODI_DTIME
			,'0' AS CHK
		FROM TB_BAIM_CUST
		<where>
			<if test="custId != null and custId != '' ">
			AND CUST_ID = #{custId}
			</if>
			<if test="custNm != null and custNm != '' ">
			AND CUST_NM = #{custNm}
			</if>
		</where>
	</select>
</mapper>