<?xml version="1.0" encoding="UTF-8"?>
<!DOCTYPE mapper PUBLIC "-//mybatis.org//DTD Mapper 3.0//EN" "http://mybatis.org/dtd/mybatis-3-mapper.dtd">
<mapper namespace="com.oy.wms.baim.ware.BaimWareMapper">

    <select id="selectCntr" parameterType="com.oy.wms.baim.ware.vo.BaimCntrVO" resultType="com.oy.wms.baim.ware.vo.BaimCntrVO">
        /* [BaimWareMapper][selectCntr] 센터 조회 */
        SELECT
             '0' AS CHK
            ,A.CNTR_CD
            ,A.CNTR_TYPE_CD
            ,A.CNTR_NM
            ,A.BRAN_CD
            ,A.CNTRY_CD
            ,A.SIDO
            ,A.SKK
            ,A.ADDR
            ,A.DTL_ADDR
            ,A.ZIP_NO
            ,A.TEL_NO1
            ,A.TEL_NO2
            ,A.TEL_NO3
            ,A.FAX_NO1
            ,A.FAX_NO2
            ,A.FAX_NO3
            ,A.IMG_UPLD_IP
            ,A.TIME_INTVL_VAL
            ,A.SUMMER_TIME_INTVL_VAL
            ,A.DSCR
            ,A.ENV_STNG_DMN_VAL
            ,A.DEL_YN
            ,A.REG_USER_ID
            ,TO_CHAR(A.REG_DTIME, 'yyyy-mm-dd hh24:mi:ss') AS REG_DTIME
            ,A.MODI_USER_ID
            ,TO_CHAR(A.MODI_DTIME, 'yyyy-mm-dd hh24:mi:ss') AS MODI_DTIME
        FROM TB_BAIM_CNTR A
        <where>
			<if test='cntrCd != null and cntrCd != ""'>
			    AND A.CNTR_CD = #{cntrCd}
			</if>
			<if test='cntrTypeCd != null and cntrTypeCd != ""'>
			    AND A.CNTR_TYPE_CD = #{cntrTypeCd}
			</if>
			<if test='cntrNm != null and cntrNm != ""'>
			    AND A.CNTR_NM LIKE '%' || #{cntrNm} || '%'
			</if>  
            <if test="delYn != null and delYn != '' ">
                AND A.DEL_YN = #{delYn}
            </if>  
        </where>
    </select>

    <insert id="insertCntr" parameterType="com.oy.wms.baim.ware.vo.BaimCntrVO">
        /* [BaimWareMapper][insertCntr] 센터 등록 */
        INSERT INTO TB_BAIM_CNTR (
             CNTR_CD                /*센터코드*/
            ,CNTR_TYPE_CD           /*센터유형코드*/
            ,CNTR_NM                /*센터명*/
            ,BRAN_CD                /*지사코드*/
            ,CNTRY_CD               /*국가코드*/
            ,SIDO                   /*시도*/
            ,SKK                    /*시군구*/
            ,ADDR                   /*주소*/
            ,DTL_ADDR               /*상세주소*/
            ,ZIP_NO                 /*우편번호*/
            ,TEL_NO1                /*전화번호1*/
            ,TEL_NO2                /*전화번호2*/
            ,TEL_NO3                /*전화번호3*/
            ,FAX_NO1                /*팩스번호1*/
            ,FAX_NO2                /*팩스번호2*/
            ,FAX_NO3                /*팩스번호3*/
            ,IMG_UPLD_IP            /*이미지업로드경로*/
            ,TIME_INTVL_VAL         /*시간간격값*/
            ,SUMMER_TIME_INTVL_VAL  /*섬머시간간격값*/
            ,DSCR                   /*설명*/
            ,ENV_STNG_DMN_VAL       /*환경설정영역값*/
            ,DEL_YN
            ,REG_USER_ID            /*등록사용자ID*/
            ,MODI_USER_ID           /*수정사용자ID*/
        ) VALUES (
             #{cntrCd}
            ,#{cntrTypeCd}
            ,#{cntrNm}
            ,#{branCd}
            ,#{cntryCd}
            ,#{sido}
            ,#{skk}
            ,#{addr}
            ,#{dtlAddr}
            ,#{zipNo}
            ,#{telNo1}
            ,#{telNo2}
            ,#{telNo3}
            ,#{faxNo1}
            ,#{faxNo2}
            ,#{faxNo3}
            ,#{imgUpldIp}
            ,#{timeIntvlVal}
            ,#{summerTimeIntvlVal}
            ,#{dscr}
            ,#{envStngDmnVal}
            ,'N'
            ,#{regUserId}
            ,#{regUserId}
        )
    </insert>
    
    <update id="updateCntr" parameterType="com.oy.wms.baim.ware.vo.BaimCntrVO">
        /* [BaimWareMapper][updateCntr] 센터 수정 */
        UPDATE TB_BAIM_CNTR
        SET 
             CNTR_TYPE_CD = #{cntrTypeCd}
            ,CNTR_NM = #{cntrNm}
            ,BRAN_CD = #{branCd}
            ,CNTRY_CD = #{cntryCd}
            ,SIDO = #{sido}
            ,SKK = #{skk}
            ,ADDR = #{addr}
            ,DTL_ADDR = #{dtlAddr}
            ,ZIP_NO = #{zipNo}
            ,TEL_NO1 = #{telNo1}
            ,TEL_NO2 = #{telNo2}
            ,TEL_NO3 = #{telNo3}
            ,FAX_NO1 = #{faxNo1}
            ,FAX_NO2 = #{faxNo2}
            ,FAX_NO3 = #{faxNo3}
            ,IMG_UPLD_IP = #{imgUpldIp}
            ,TIME_INTVL_VAL = #{timeIntvlVal}
            ,SUMMER_TIME_INTVL_VAL = #{summerTimeIntvlVal}
            ,DSCR = #{dscr}
            ,ENV_STNG_DMN_VAL = #{envStngDmnVal}
            ,DEL_YN = #{delYn}
            ,MODI_USER_ID = #{modiUserId}
            ,MODI_DTIME = current_timestamp 
        WHERE CNTR_CD = #{cntrCd}
    </update>
    
    <update id="deleteCntr" parameterType="com.oy.wms.baim.ware.vo.BaimCntrVO">
        /* [BaimWareMapper][deleteCntr] 센터 삭제 */
        UPDATE TB_BAIM_CNTR
        SET 
            DEL_YN = 'Y'
            ,MODI_USER_ID = #{modiUserId}
            ,MODI_DTIME = current_timestamp 
        WHERE CNTR_CD = #{cntrCd}
    </update>

    <select id="checkDupCntr" parameterType="com.oy.wms.baim.ware.vo.BaimCntrVO" resultType="boolean">
        /* [BaimWareMapper][checkDupCntr] 센터 중복 조회 */
        SELECT 
           (CASE WHEN EXISTS( 
                    SELECT
                        REG_USER_ID
                    FROM TB_BAIM_CNTR
                    WHERE CNTR_CD = #{cntrCd}
               ) THEN 1 ELSE 0 END) AS IS_DUP
        FROM DUAL    
    </select>  

    <select id="selectWare" parameterType="com.oy.wms.baim.ware.vo.BaimWareVO" resultType="com.oy.wms.baim.ware.vo.BaimWareVO">
        /* [BaimWareMapper][selectWare] Ware 조회 */
        SELECT
             '0' AS CHK
            ,A.CNTR_CD
            ,B.CNTR_NM
            ,A.WH_CD
            ,A.WH_TYPE_CD
            ,A.WH_NM
            ,A.DSCR
            ,A.IF_CNTR_CD
            ,A.AREA_USE_YN
            ,A.DEL_YN
            ,A.REG_USER_ID
            ,TO_CHAR(A.REG_DTIME, 'yyyy-mm-dd hh24:mi:ss') AS REG_DTIME
            ,A.MODI_USER_ID
            ,TO_CHAR(A.MODI_DTIME, 'yyyy-mm-dd hh24:mi:ss') AS MODI_DTIME
        FROM TB_BAIM_WARE A,
             TB_BAIM_CNTR B
        WHERE A.CNTR_CD = B.CNTR_CD
        <if test='cntrCd != null and cntrCd != ""'>
            AND A.CNTR_CD = #{cntrCd}
        </if>       
        <if test='whCd != null and whCd != ""'>
            AND A.WH_CD = #{whCd}
        </if>
        <if test='whNm != null and whNm != ""'>
            AND A.WH_NM LIKE '%' || #{whNm} || '%'
        </if>            
        <if test='whTypeCd != null and whTypeCd != ""'>
            AND A.WH_TYPE_CD = #{whTypeCd}
        </if>
        <if test="delYn != null and delYn != '' ">
            AND A.DEL_YN = #{delYn}
        </if>
        ORDER BY A.CNTR_CD
    </select>
    
    <insert id="insertWare" parameterType="com.oy.wms.baim.ware.vo.BaimWareVO">
        /* [BaimWareMapper][insertWare] Ware 등록 */
        INSERT INTO TB_BAIM_WARE (
		     CNTR_CD      /*센터코드*/
		    ,WH_CD        /*창고코드*/
		    ,WH_TYPE_CD   /*창고유형코드*/
		    ,WH_NM        /*창고명*/
		    ,DSCR         /*설명*/
		    ,IF_CNTR_CD   /*인터페이스 센터코드*/
		    ,AREA_USE_YN  /*권역사용여부*/
		    ,DEL_YN       /*삭제여부*/
		    ,REG_USER_ID  /*등록지*/
		    ,MODI_USER_ID /*수정자*/
        ) VALUES (
		     #{cntrCd}
		    ,#{whCd}
		    ,#{whTypeCd}
		    ,#{whNm}
		    ,#{dscr}
		    ,#{ifCntrCd}
		    ,#{areaUseYn}
		    ,'N'
		    ,#{regUserId}
		    ,#{regUserId}
        )
    </insert>
    
    <update id="updateWare" parameterType="com.oy.wms.baim.ware.vo.BaimWareVO">
        /* [BaimWareMapper][updateWare] Ware 수정 */
        UPDATE TB_BAIM_WARE
        SET 
			 WH_TYPE_CD      = #{whTypeCd}
			,WH_NM           = #{whNm}
			,DSCR            = #{dscr}
			,IF_CNTR_CD      = #{ifCntrCd}
			,AREA_USE_YN     = #{areaUseYn}
			,DEL_YN          = #{delYn}
			,MODI_USER_ID    = #{modiUserId}
			,MODI_DTIME      = current_timestamp
        WHERE CNTR_CD = #{cntrCd}
            AND WH_CD = #{whCd}
    </update>
    
    <update id="deleteWare" parameterType="com.oy.wms.baim.ware.vo.BaimWareVO">
        /* [BaimWareMapper][deleteWare] Ware 삭제 */
        UPDATE TB_BAIM_WARE
        SET 
            DEL_YN = 'Y'
            ,MODI_USER_ID = #{modiUserId}
            ,MODI_DTIME = current_timestamp
        WHERE CNTR_CD = #{cntrCd}
            AND WH_CD = #{whCd}
    </update>
    
    <select id="checkDupWare" parameterType="com.oy.wms.baim.ware.vo.BaimWareVO" resultType="boolean">
        /* [BaimWareMapper][checkDupWare] Ware 중복 조회 */
        SELECT 
           (CASE WHEN EXISTS( 
                    SELECT
                        REG_USER_ID
                    FROM TB_BAIM_WARE
			        WHERE CNTR_CD = #{cntrCd}
			            AND WH_CD = #{whCd}
               ) THEN 1 ELSE 0 END) AS IS_DUP
        FROM DUAL    
    </select>     
    
</mapper>