<?xml version="1.0" encoding="UTF-8"?>
<!DOCTYPE mapper PUBLIC "-//mybatis.org//DTD Mapper 3.0//EN" "http://mybatis.org/dtd/mybatis-3-mapper.dtd">
<mapper namespace="com.oy.wms.baim.bom.BaimBomMapper">

    <select id="selectBomMList" parameterType="com.oy.wms.baim.bom.vo.BaimBomMainVO" resultType="com.oy.wms.baim.bom.vo.BaimBomMainVO">
		/* [BaimBomMapper][selectBomMList] BOM 메인 조회 */ 
		SELECT
			'0' AS CHK
			,BOM_NO
			,UPPER_CUST_ID
			,UPPER_ITEM_CD
			,UPPER_ITEM_CD_NM
			,BOM_DSCR
			,VALID_START_DTIME
			,EXPRY_DTIME
			,DEL_YN
			,REG_USER_ID
			,REG_DTIME
			,MODI_USER_ID
			,MODI_DTIME			
		FROM TB_BAIM_BOM_M
		WHERE DEL_YN = 'N'
		<if test="upperCustId != null and upperCustId != '' ">
		  AND UPPER_CUST_ID = #{upperCustId}
		</if>
		<if test="upperItemCd != null and upperItemCd != '' ">  
		  AND UPPER_ITEM_CD = #{upperItemCd}
		</if>  
    </select>


    <insert id="insertBomMain" parameterType="com.oy.wms.baim.bom.vo.BaimBomMainVO">
		/* [BaimBomMapper][insertBomMain] BOM 메인 입력 */ 
		INSERT INTO TB_BAIM_BOM_M (
			 BOM_NO
			,UPPER_CUST_ID
			,UPPER_ITEM_CD
			,UPPER_ITEM_CD_NM
			,BOM_DSCR
			,VALID_START_DTIME
			,EXPRY_DTIME
			,DEL_YN
			,REG_USER_ID
			,MODI_USER_ID
		) VALUES (
			 (SELECT NVL(MAX(BOM_NO), 0) + 1 FROM TB_BAIM_BOM_M)
			,#{upperCustId}
			,#{upperItemCd}
			,#{upperItemCdNm}
			,#{bomDscr}
			,#{validStartDtime}
			,#{expryDtime}
			,'N'
		    ,#{regUserId}
		    ,#{regUserId}
		)
    </insert>
    
    <update id="updateBomMain" parameterType="com.oy.wms.baim.bom.vo.BaimBomMainVO">
		/* [BaimBomMapper][updateBomMain] BOM 메인 수정 */ 
		UPDATE TB_BAIM_BOM_M
		SET  
		     UPPER_CUST_ID = #{upperCustId}
		    ,UPPER_ITEM_CD = #{upperItemCd}
		    ,UPPER_ITEM_CD_NM = #{upperItemCdNm}
		    ,DEL_YN = #{delYn}
		    ,MODI_USER_ID = #{modiUserId}
		    ,MODI_DTIME = current_timestamp
		WHERE BOM_NO = #{bomNo}
    </update>
    
    <update id="deleteBomMain" parameterType="com.oy.wms.baim.bom.vo.BaimBomMainVO">
        /* [BaimBomMapper][deleteBomMain] BOM 메인 삭제 */ 
        UPDATE TB_BAIM_BOM_M
        SET
             DEL_YN = 'Y'
            ,MODI_USER_ID = #{modiUserId}
            ,MODI_DTIME = current_timestamp
        WHERE BOM_NO = #{bomNo}
    </update>
    
    <select id="selectBomDList" parameterType="com.oy.wms.baim.bom.vo.BaimBomDtlVO" resultType="com.oy.wms.baim.bom.vo.BaimBomDtlVO">
		/* [BaimBomMapper][selectBomDList] BOM 상세 조회 */ 
		SELECT
			'0' AS CHK
			,BOM_NO
			,BOM_DTL_NO
			,LOWER_CUST_ID
			,LOWER_ITEM_CD
			,NEED_QTY
			,DEL_YN
			,REG_USER_ID
			,REG_DTIME
			,MODI_USER_ID
			,MODI_DTIME
		FROM TB_BAIM_BOM_D
	   WHERE DEL_YN = 'N' 
	     AND BOM_NO = #{bomNo}
    </select>

    <select id="selectBomDRtn" parameterType="com.oy.wms.baim.bom.vo.BaimBomMainVO" resultType="com.oy.wms.baim.bom.vo.BaimBomDtlVO">
		/* [BaimBomMapper][selectBomDRtn] BOM 상세 반환 */ 
		SELECT
			'0' AS CHK
			,BOM_NO
			,BOM_DTL_NO
			,LOWER_CUST_ID
			,LOWER_ITEM_CD
			,NEED_QTY
			,DEL_YN
			,REG_USER_ID
			,REG_DTIME
			,MODI_USER_ID
			,MODI_DTIME
		FROM TB_BAIM_BOM_D
	   WHERE DEL_YN = 'N' 
	     AND BOM_NO = #{bomNo}
    </select>

    <select id="selectBomDtlLastNo" parameterType="com.oy.wms.baim.bom.vo.BaimBomDtlVO" resultType="String">
		/* [BaimBomMapper][selectBomDtlLastNo] BOM_DTL_NO 마지막 번호 */ 
		SELECT MAX(BOM_DTL_NO)
		FROM TB_BAIM_BOM_D
	   WHERE DEL_YN = 'N' 
	     AND BOM_NO = #{bomNo}
    </select>

    <insert id="insertBomDtl" parameterType="com.oy.wms.baim.bom.vo.BaimBomDtlVO">		
		/* [BaimBomMapper][insertBomDtl] BOM 상세 입력 */ 
		INSERT INTO TB_BAIM_BOM_D (
			 BOM_NO
			,BOM_DTL_NO
			,LOWER_CUST_ID
			,LOWER_ITEM_CD
			,NEED_QTY
			,DEL_YN
			,REG_USER_ID
			,MODI_USER_ID
		) VALUES (
			 #{bomNo}
			,(SELECT NVL(MAX(BOM_DTL_NO), 0) + 1 FROM TB_BAIM_BOM_D)
			,#{lowerCustId}
			,#{lowerItemCd}
			,#{needQty}
			,'N'
			,#{regUserId}
			,#{regUserId}
		)	
    </insert>
    
    <update id="updateBomDtl" parameterType="com.oy.wms.baim.bom.vo.BaimBomDtlVO">
		/* [BaimBomMapper][updateBomDtl] BOM 상세 수정 */ 
		UPDATE TB_BAIM_BOM_D
		SET  
		     LOWER_CUST_ID = #{lowerCustId}
		    ,LOWER_ITEM_CD = #{lowerItemCd}
		    ,NEED_QTY = #{needQty}
		    ,MODI_USER_ID = #{modiUserId}
		    ,MODI_DTIME = current_timestamp
		WHERE BOM_NO = #{bomNo}
		  AND BOM_DTL_NO = #{bomDtlNo}
    </update>
    
    <update id="deleteBomDtl" parameterType="com.oy.wms.baim.bom.vo.BaimBomDtlVO">
        /* [BaimBomMapper][deleteBomDtl] BOM 상세 삭제 */ 
        UPDATE TB_BAIM_BOM_D
        SET
             DEL_YN = 'Y'
            ,MODI_USER_ID = #{modiUserId}
            ,MODI_DTIME = current_timestamp
		WHERE BOM_NO = #{bomNo}
		  AND BOM_DTL_NO = #{bomDtlNo}
    </update>
    
    <insert id="insertBomDHist" parameterType="com.oy.wms.baim.bom.vo.BaimBomDtlVO">		
		/* [BaimBomMapper][insertBomDHist] BOM 상세 이력(I/U) */ 
		INSERT INTO TB_BAIM_BOM_D_H (
			 BOM_DTL_HIST_SEQ
			,BOM_NO
			,BOM_DTL_NO
			,LOWER_CUST_ID
			,LOWER_ITEM_CD
			,NEED_QTY
			,DEL_YN
			,REG_USER_ID
			,MODI_USER_ID
		) VALUES (
			 (SELECT NVL(MAX(BOM_DTL_HIST_SEQ), 0) + 1 FROM TB_BAIM_BOM_D_H)
			,#{bomNo}
			,#{bomDtlNo}
			,#{lowerCustId}
			,#{lowerItemCd}
			,#{needQty}
			,'N'
			,#{regUserId}
			,#{regUserId}
		)	
    </insert>
 
     <insert id="deleteBomDHist" parameterType="com.oy.wms.baim.bom.vo.BaimBomDtlVO">		
		/* [BaimBomMapper][deleteBomDHist] BOM 상세 이력(D) */ 
		INSERT INTO TB_BAIM_BOM_D_H (
			 BOM_DTL_HIST_SEQ
			,BOM_NO
			,BOM_DTL_NO
			,LOWER_CUST_ID
			,LOWER_ITEM_CD
			,NEED_QTY
			,DEL_YN
			,REG_USER_ID
			,MODI_USER_ID
		) VALUES (
			 (SELECT NVL(MAX(BOM_DTL_HIST_SEQ), 0) + 1 FROM TB_BAIM_BOM_D_H)
			,#{bomNo}
			,#{bomDtlNo}
			,#{lowerCustId}
			,#{lowerItemCd}
			,#{needQty}
			,'Y'
			,#{regUserId}
			,#{regUserId}
		)	
    </insert>           
    
</mapper>