<?xml version="1.0" encoding="UTF-8"?>
<!DOCTYPE mapper PUBLIC "-//mybatis.org//DTD Mapper 3.0//EN" "http://mybatis.org/dtd/mybatis-3-mapper.dtd">
<mapper namespace="com.oy.wms.baim.item.BaimItemMapper">
    
    <!-- BaimItemGrp -->
    <select id="selectItemGrpList" parameterType="com.oy.wms.baim.item.vo.BaimItemGrpVO" resultType="com.oy.wms.baim.item.vo.BaimItemGrpVO">
		/* [BaimItemMapper][selectItemGrpList] 아이템 그룹 조회 */ 
		SELECT
			 0 AS CHK
		    ,ITEM_GRP_CD
		    ,ITEM_GRP_NM
		    ,RMRK
		    ,DEL_YN
		    ,REG_USER_ID
            ,REG_DTIME
            ,MODI_USER_ID
            ,MODI_DTIME
		FROM TB_BAIM_ITEM_GRP
		WHERE 1 = 1
		<if test='itemGrpCd != null and itemGrpCd !=""'>
          AND ITEM_GRP_CD = #{itemGrpCd}
        </if>
		<if test='itemGrpNm != null and itemGrpNm !=""'>
          AND ITEM_GRP_NM = #{itemGrpNm}
        </if>        
        <if test='delYn != null and delYn !=""'>
          AND DEL_YN = #{delYn}
        </if>
        <if test='rmrk != null and rmrk !=""'>
          AND RMRK = #{rmrk}
        </if>        
    </select>
    
    <insert id="insertItemGrp" parameterType="com.oy.wms.baim.item.vo.BaimItemGrpVO">
		/* [BaimItemMapper][insertItemGrp] 아이템 그룹 입력 */ 
		INSERT INTO TB_BAIM_ITEM_GRP (
		     ITEM_GRP_CD
		    ,ITEM_GRP_NM
		    ,RMRK
		    ,DEL_YN
		    ,REG_USER_ID
		    ,MODI_USER_ID
		) VALUES (
		     #{itemGrpCd}
		    ,#{itemGrpNm}
		    ,#{rmrk}
			,'N'
		    ,#{regUserId}
		    ,#{regUserId}
		)
    </insert>
    
    <update id="updateItemGrp" parameterType="com.oy.wms.baim.item.vo.BaimItemGrpVO">
		/* [BaimItemMapper][updateItemGrp] 아이템 그룹 수정 */ 
		UPDATE TB_BAIM_ITEM_GRP
		SET  
		     ITEM_GRP_NM = #{itemGrpNm}
		    ,RMRK = #{rmrk}
		    ,MODI_USER_ID = #{modiUserId}
		    ,MODI_DTIME = current_timestamp
	   WHERE ITEM_GRP_CD = #{itemGrpCd}
    </update>
    
    <update id="deleteItemGrp" parameterType="com.oy.wms.baim.item.vo.BaimItemGrpVO">
        /* [BaimItemMapper][deleteItemGrp] 아이템 그룹 삭제 */ 
        UPDATE TB_BAIM_ITEM_GRP
        SET
             DEL_YN = 'Y'
            ,MODI_USER_ID = #{modiUserId}
            ,MODI_DTIME = current_timestamp
	   WHERE ITEM_GRP_CD = #{itemGrpCd}
    </update>
    
    <!-- BaimItem -->
    <select id="selectItemList" parameterType="com.oy.wms.baim.item.vo.BaimItemVO" resultType="com.oy.wms.baim.item.vo.BaimItemVO">
		/* [BaimItemMapper][selectItemList] 아이템 메인 조회 */ 
		SELECT
		    '0' AS CHK
			,BI.CUST_ID
			,(SELECT CUST_NM FROM TB_BAIM_CUST WHERE CUST_ID = BI.CUST_ID ) AS CUST_NM
			,BI.ITEM_CD
			,BI.ITEM_NM
			,BI.VNDR_ID
			,BI.ITEM_GRP_CD
			,BI.ITEM_BCD
			,BI.LOGI_BCD
			,BI.ITEM_SAVE_CD
			,BI.WHIB_SER_SCAN_TYPE_CD
			,BI.WHOB_SER_SCAN_YN
			,BI.WHIB_SCAN_YN
			,BI.WHOB_SCAN_YN
			,BI.ITEM_HGT
			,BI.ITEM_WDTH
			,BI.ITEM_HGHT
			,BI.ITEM_WT
			,BI.IN_CASE_BOX_HGT
			,BI.IN_CASE_BOX_WDTH
			,BI.IN_CASE_BOX_HGHT
			,BI.IN_CASE_BOX_WT
			,BI.IN_CASE_INTAKE_QTY
			,BI.OUT_CASE_BOX_HGT
			,BI.OUT_CASE_BOX_WDTH
			,BI.OUT_CASE_BOX_HGHT
			,BI.OUT_CASE_BOX_WT
			,BI.OUT_CASE_INTAKE_QTY
			,BI.STOCK_REPL_QTY_MIN_VAL
			,BI.STOCK_REPL_QTY_MAX_VAL
			,BI.ASN_VALID_YMD_CHK_YN
			,BI.ORD_VALID_YMD_CHK_YN
			,BI.WHIB_BCD_SCAN_YN
			,BI.MNFR_CD
			,BI.ITEM_TYPE_CD
			,BI.PUTA_CELL_CD
			,BI.BOM_NO
			,BI.PO_YN
			,BI.DISP_ITEM_SAVE_CD
			,BI.SHORT_NM
			,BI.STND_BOX_QTY
			,BI.STND_BOX_WT
			,BI.STND_PLT_QTY
			,BI.STND_PLT_WT
			,BI.ETC_BOX_QTY1
			,BI.ETC_BOX_WT1
			,BI.ETC_PLT_QTY1
			,BI.ETC_PLT_WT1
			,BI.ETC_BOX_QTY2
			,BI.ETC_BOX_WT2
			,BI.ETC_PLT_QTY2
			,BI.ETC_PLT_WT2
			,BI.ITEM_RMRK
			,BI.ITEM_PRC
			,BI.CHG_VOL_VAL
			,BI.ALTN_ITEM_CD
			,BI.UCTG_GRP_CD
			,BI.MCTG_GRP_CD
			,BI.SCTG_GRP_CD
			,BI.PACK_QTY
			,BI.VOL_VAL
			,BI.PRWT_VAL
			,BI.LEN
			,BI.LEN_UNIT_CD
			,BI.WT_UNIT_CD
			,BI.VOL_UNIT_CD
			,BI.DTL_DSCR
			,BI.CTGR_VAL
			,BI.COLR_NM
			,BI.STYL_NM
			,BI.BRND_NM
			,BI.PRCH_SITE_URL
			,BI.ITEM_URL
			,BI.IMG_URL
			,BI.IMG_FILE_GRP_NO
			,BI.IMG_FILE_NO
			,BI.BRND_CD
			,BI.PTRN_NM
			,BI.ORCN_NM
			,BI.CUST_ITEM_CD
			,BI.CUST_ITEM_NM
			,BI.CUST_ITEM_TYPE_CD
			,BI.HS_CD
			,BI.EXDT_MGMT_CD
			,BI.EXDT_YMD
			,BI.CNSM_TLM_MGMT_YN
			,BI.CNSM_TLM_YMD
			,BI.O2O_YN
			,BI.ITEM_GRD_CD
			,BI.GIFT_YN
			,BI.DEL_YN
			,BI.REG_USER_ID
			,BI.REG_DTIME
			,BI.MODI_USER_ID
			,BI.MODI_DTIME			
		FROM TB_BAIM_ITEM BI   
		WHERE BI.DEL_YN = 'N'
		<if test='custId != null and custId !=""'>
          AND BI.CUST_ID = #{custId}
        </if>
		<if test='custNm != null and custNm !=""'>
          AND BI.CUST_ID = (SELECT CUST_ID FROM TB_BAIM_CUST WHERE CUST_NM = #{custNm})
        </if>        
		<if test='itemCd != null and itemCd !=""'>
          AND BI.ITEM_CD = #{itemCd}
        </if>
		<if test='itemNm != null and itemNm !=""'>
          AND BI.ITEM_NM = #{itemNm}
        </if>        
		<if test='itemGrdCd != null and itemGrdCd !=""'>
          AND BI.ITEM_GRD_CD = #{itemGrdCd}
        </if>                 	
    </select>
 
     <update id="mergeItem" parameterType="com.oy.wms.baim.item.vo.BaimItemVO">
		/* [BaimItemMapper][mergeItem] 아이템 메인 mergeItem */ 
		MERGE INTO TB_BAIM_ITEM U
		USING (
			SELECT 
			      #{custId} AS CUST_ID
				 ,#{itemCd} AS ITEM_CD 
				 ,#{regUserId} AS REG_USER_ID
			FROM DUAL
        ) R
		ON ( U.CUST_ID = R.CUST_ID AND U.ITEM_CD = R.ITEM_CD )
		WHEN MATCHED THEN
		UPDATE SET
		     DEL_YN         = 'N'
            ,MODI_USER_ID   =  R.REG_USER_ID
            ,MODI_DTIME     =  current_timestamp 		     
		WHEN NOT MATCHED THEN
		INSERT 
		(
			CUST_ID
		  , ITEM_CD
		  , DEL_YN
		  , REG_USER_ID
		  , MODI_USER_ID
		)
		VALUES 
		(
			R.CUST_ID
		  , R.ITEM_CD
		  , 'N'
		  , R.REG_USER_ID
		  , R.REG_USER_ID
		)
    </update>
    
    <update id="updateItem" parameterType="com.oy.wms.baim.item.vo.BaimItemVO">
		/* [BaimItemMapper][updateItem] 아이템 메인 수정 */ 
		UPDATE TB_BAIM_ITEM
		SET 
		     ITEM_NM = #{itemNm}
		    ,VNDR_ID = #{vndrId}
		    ,ITEM_GRP_CD = #{itemGrpCd}
		    ,ITEM_BCD = #{itemBcd}
		    ,LOGI_BCD = #{logiBcd}
		    ,ITEM_SAVE_CD = #{itemSaveCd}
		    ,WHIB_SER_SCAN_TYPE_CD = #{whibSerScanTypeCd}
		    ,WHOB_SER_SCAN_YN = #{whobSerScanYn}
		    ,WHIB_SCAN_YN = #{whibScanYn}
		    ,WHOB_SCAN_YN = #{whobScanYn}
		    ,ITEM_HGT = #{itemHgt}
		    ,ITEM_WDTH = #{itemWdth}
		    ,ITEM_HGHT = #{itemHght}
		    ,ITEM_WT = #{itemWt}
		    ,IN_CASE_BOX_HGT = #{inCaseBoxHgt}
		    ,IN_CASE_BOX_WDTH = #{inCaseBoxWdth}
		    ,IN_CASE_BOX_HGHT = #{inCaseBoxHght}
		    ,IN_CASE_BOX_WT = #{inCaseBoxWt}
		    ,OUT_CASE_BOX_HGT = #{outCaseBoxHgt}
		    ,OUT_CASE_BOX_WDTH = #{outCaseBoxWdth}
		    ,OUT_CASE_BOX_HGHT = #{outCaseBoxHght}
		    ,OUT_CASE_BOX_WT = #{outCaseBoxWt}
		    ,STOCK_REPL_QTY_MIN_VAL = #{stockReplQtyMinVal}
		    ,STOCK_REPL_QTY_MAX_VAL = #{stockReplQtyMaxVal}
		    ,ASN_VALID_YMD_CHK_YN = #{asnValidYmdChkYn}
		    ,ORD_VALID_YMD_CHK_YN = #{ordValidYmdChkYn}
		    ,WHIB_BCD_SCAN_YN = #{whibBcdScanYn}
		    ,MNFR_CD = #{mnfrCd}
		    ,ITEM_TYPE_CD = #{itemTypeCd}
		    ,PO_YN = #{poYn}
		    ,DISP_ITEM_SAVE_CD = #{dispItemSaveCd}
		    ,SHORT_NM = #{shortNm}
		    ,STND_BOX_QTY = #{stndBoxQty}
		    ,STND_BOX_WT = #{stndBoxWt}
		    ,STND_PLT_QTY = #{stndPltQty}
		    ,STND_PLT_WT = #{stndPltWt}
		    ,ETC_BOX_QTY1 = #{etcBoxQty1}
		    ,ETC_BOX_WT1 = #{etcBoxWt1}
		    ,ETC_PLT_QTY1 = #{etcPltQty1}
		    ,ETC_PLT_WT1 = #{etcPltWt1}
		    ,ETC_BOX_QTY2 = #{etcBoxQty2}
		    ,ETC_BOX_WT2 = #{etcBoxWt2}
		    ,ETC_PLT_QTY2 = #{etcPltQty2}
		    ,ETC_PLT_WT2 = #{etcPltWt2}
		    ,ITEM_RMRK = #{itemRmrk}
		    ,ITEM_PRC = #{itemPrc}
		    ,CHG_VOL_VAL = #{chgVolVal}
		    ,ALTN_ITEM_CD = #{altnItemCd}
		    ,UCTG_GRP_CD = #{uctgGrpCd}
		    ,MCTG_GRP_CD = #{mctgGrpCd}
		    ,SCTG_GRP_CD = #{sctgGrpCd}
		    ,PACK_QTY = #{packQty}
		    ,VOL_VAL = #{volVal}
		    ,PRWT_VAL = #{prwtVal}
		    ,LEN = #{len}
		    ,LEN_UNIT_CD = #{lenUnitCd}
		    ,WT_UNIT_CD = #{wtUnitCd}
		    ,VOL_UNIT_CD = #{volUnitCd}
		    ,DTL_DSCR = #{dtlDscr}
		    ,CTGR_VAL = #{ctgrVal}
		    ,COLR_NM = #{colrNm}
		    ,STYL_NM = #{stylNm}
		    ,BRND_NM = #{brndNm}
		    ,PRCH_SITE_URL = #{prchSiteUrl}
		    ,ITEM_URL = #{itemUrl}
		    ,IMG_URL = #{imgUrl}
		    ,PTRN_NM = #{ptrnNm}
		    ,ORCN_NM = #{orcnNm}
		    ,CUST_ITEM_CD = #{custItemCd}
		    ,CUST_ITEM_NM = #{custItemNm}
		    ,CUST_ITEM_TYPE_CD = #{custItemTypeCd}
		    ,HS_CD = #{hsCd}
		    ,EXDT_MGMT_CD = #{exdtMgmtCd}
		    ,EXDT_YMD = #{exdtYmd}
		    ,CNSM_TLM_MGMT_YN = #{cnsmTlmMgmtYn}
		    ,CNSM_TLM_YMD = #{cnsmTlmYmd}
		    ,MODI_USER_ID = #{modiUserId}
		    ,MODI_DTIME = current_timestamp
		WHERE CUST_ID = #{custId}
          AND ITEM_CD = #{itemCd}
    </update>
    
    <update id="deleteItem" parameterType="com.oy.wms.baim.item.vo.BaimItemVO">
        /* [BaimItemMapper][deleteItem] 아이템 메인 삭제 */ 
        UPDATE TB_BAIM_ITEM
        SET 
             DEL_YN = 'Y'
            ,MODI_USER_ID = #{modiUserId}
            ,MODI_DTIME = current_timestamp
        WHERE CUST_ID = #{custId}
          AND ITEM_CD = #{itemCd}    
    </update>
    
    <insert id="insertItemHist" parameterType="com.oy.wms.baim.item.vo.BaimItemVO">
		/* [BaimItemMapper][insertItemHist] 아이템 메인 이력(I/U) */ 
		INSERT INTO TB_BAIM_ITEM_H (
		 ITEM_MSTR_HIST_SEQ
		,CUST_ID
		,ITEM_CD
		,ITEM_NM
		,VNDR_ID
		,ITEM_GRP_CD
		,ITEM_BCD
		,LOGI_BCD
		,ITEM_SAVE_CD
		,WHIB_SER_SCAN_TYPE_CD
		,WHOB_SER_SCAN_YN
		,WHIB_SCAN_YN
		,WHOB_SCAN_YN
		,ITEM_HGT
		,ITEM_WDTH
		,ITEM_HGHT
		,ITEM_WT
		,IN_CASE_BOX_HGT
		,IN_CASE_BOX_WDTH
		,IN_CASE_BOX_HGHT
		,IN_CASE_BOX_WT
		,IN_CASE_INTAKE_QTY
		,OUT_CASE_BOX_HGT
		,OUT_CASE_BOX_WDTH
		,OUT_CASE_BOX_HGHT
		,OUT_CASE_BOX_WT
		,OUT_CASE_INTAKE_QTY
		,STOCK_REPL_QTY_MIN_VAL
		,STOCK_REPL_QTY_MAX_VAL
		,ASN_VALID_YMD_CHK_YN
		,ORD_VALID_YMD_CHK_YN
		,WHIB_BCD_SCAN_YN
		,MNFR_CD
		,ITEM_TYPE_CD
		,PUTA_CELL_CD
		,BOM_NO
		,PO_YN
		,DISP_ITEM_SAVE_CD
		,SHORT_NM
		,STND_BOX_QTY
		,STND_BOX_WT
		,STND_PLT_QTY
		,STND_PLT_WT
		,ETC_BOX_QTY1
		,ETC_BOX_WT1
		,ETC_PLT_QTY1
		,ETC_PLT_WT1
		,ETC_BOX_QTY2
		,ETC_BOX_WT2
		,ETC_PLT_QTY2
		,ETC_PLT_WT2
		,ITEM_RMRK
		,ITEM_PRC
		,CHG_VOL_VAL
		,ALTN_ITEM_CD
		,UCTG_GRP_CD
		,MCTG_GRP_CD
		,SCTG_GRP_CD
		,PACK_QTY
		,VOL_VAL
		,PRWT_VAL
		,LEN
		,LEN_UNIT_CD
		,WT_UNIT_CD
		,VOL_UNIT_CD
		,DTL_DSCR
		,CTGR_VAL
		,COLR_NM
		,STYL_NM
		,BRND_NM
		,PRCH_SITE_URL
		,ITEM_URL
		,IMG_URL
		,IMG_FILE_GRP_NO
		,IMG_FILE_NO
		,BRND_CD
		,PTRN_NM
		,ORCN_NM
		,CUST_ITEM_CD
		,CUST_ITEM_NM
		,CUST_ITEM_TYPE_CD
		,HS_CD
		,EXDT_MGMT_CD
		,EXDT_YMD
		,CNSM_TLM_MGMT_YN
		,CNSM_TLM_YMD
		,O2O_YN
		,ITEM_GRD_CD
		,GIFT_YN
		,DEL_YN
		,REG_USER_ID
		,MODI_USER_ID
	) VALUES (
		 (SELECT NVL(MAX(ITEM_MSTR_HIST_SEQ), 0) + 1 FROM TB_BAIM_ITEM_H)
		,#{custId}
		,#{itemCd}
		,#{itemNm}
		,#{vndrId}
		,#{itemGrpCd}
		,#{itemBcd}
		,#{logiBcd}
		,#{itemSaveCd}
		,#{whibSerScanTypeCd}
		,#{whobSerScanYn}
		,#{whibScanYn}
		,#{whobScanYn}
		,#{itemHgt}
		,#{itemWdth}
		,#{itemHght}
		,#{itemWt}
		,#{inCaseBoxHgt}
		,#{inCaseBoxWdth}
		,#{inCaseBoxHght}
		,#{inCaseBoxWt}
		,#{inCaseIntakeQty}
		,#{outCaseBoxHgt}
		,#{outCaseBoxWdth}
		,#{outCaseBoxHght}
		,#{outCaseBoxWt}
		,#{outCaseIntakeQty}
		,#{stockReplQtyMinVal}
		,#{stockReplQtyMaxVal}
		,#{asnValidYmdChkYn}
		,#{ordValidYmdChkYn}
		,#{whibBcdScanYn}
		,#{mnfrCd}
		,#{itemTypeCd}
		,#{putaCellCd}
		,#{bomNo}
		,#{poYn}
		,#{dispItemSaveCd}
		,#{shortNm}
		,#{stndBoxQty}
		,#{stndBoxWt}
		,#{stndPltQty}
		,#{stndPltWt}
		,#{etcBoxQty1}
		,#{etcBoxWt1}
		,#{etcPltQty1}
		,#{etcPltWt1}
		,#{etcBoxQty2}
		,#{etcBoxWt2}
		,#{etcPltQty2}
		,#{etcPltWt2}
		,#{itemRmrk}
		,#{itemPrc}
		,#{chgVolVal}
		,#{altnItemCd}
		,#{uctgGrpCd}
		,#{mctgGrpCd}
		,#{sctgGrpCd}
		,#{packQty}
		,#{volVal}
		,#{prwtVal}
		,#{len}
		,#{lenUnitCd}
		,#{wtUnitCd}
		,#{volUnitCd}
		,#{dtlDscr}
		,#{ctgrVal}
		,#{colrNm}
		,#{stylNm}
		,#{brndNm}
		,#{prchSiteUrl}
		,#{itemUrl}
		,#{imgUrl}
		,#{imgFileGrpNo}
		,#{imgFileNo}
		,#{brndCd}
		,#{ptrnNm}
		,#{orcnNm}
		,#{custItemCd}
		,#{custItemNm}
		,#{custItemTypeCd}
		,#{hsCd}
		,#{exdtMgmtCd}
		,#{exdtYmd}
		,#{cnsmTlmMgmtYn}
		,#{cnsmTlmYmd}
		,#{o2oYn}
		,#{itemGrdCd}
		,#{giftYn}
		,#{delYn}
		,#{regUserId}
		,#{regUserId}
	)
    </insert>
    
    <insert id="deleteItemHist" parameterType="com.oy.wms.baim.item.vo.BaimItemVO">
		/* [BaimItemMapper][deleteItemHist] 아이템 메인 이력(D) */ 
		INSERT INTO TB_BAIM_ITEM_H (
		 ITEM_MSTR_HIST_SEQ
		,CUST_ID
		,ITEM_CD
		,ITEM_NM
		,VNDR_ID
		,ITEM_GRP_CD
		,ITEM_BCD
		,LOGI_BCD
		,ITEM_SAVE_CD
		,WHIB_SER_SCAN_TYPE_CD
		,WHOB_SER_SCAN_YN
		,WHIB_SCAN_YN
		,WHOB_SCAN_YN
		,ITEM_HGT
		,ITEM_WDTH
		,ITEM_HGHT
		,ITEM_WT
		,IN_CASE_BOX_HGT
		,IN_CASE_BOX_WDTH
		,IN_CASE_BOX_HGHT
		,IN_CASE_BOX_WT
		,IN_CASE_INTAKE_QTY
		,OUT_CASE_BOX_HGT
		,OUT_CASE_BOX_WDTH
		,OUT_CASE_BOX_HGHT
		,OUT_CASE_BOX_WT
		,OUT_CASE_INTAKE_QTY
		,STOCK_REPL_QTY_MIN_VAL
		,STOCK_REPL_QTY_MAX_VAL
		,ASN_VALID_YMD_CHK_YN
		,ORD_VALID_YMD_CHK_YN
		,WHIB_BCD_SCAN_YN
		,MNFR_CD
		,ITEM_TYPE_CD
		,PUTA_CELL_CD
		,BOM_NO
		,PO_YN
		,DISP_ITEM_SAVE_CD
		,SHORT_NM
		,STND_BOX_QTY
		,STND_BOX_WT
		,STND_PLT_QTY
		,STND_PLT_WT
		,ETC_BOX_QTY1
		,ETC_BOX_WT1
		,ETC_PLT_QTY1
		,ETC_PLT_WT1
		,ETC_BOX_QTY2
		,ETC_BOX_WT2
		,ETC_PLT_QTY2
		,ETC_PLT_WT2
		,ITEM_RMRK
		,ITEM_PRC
		,CHG_VOL_VAL
		,ALTN_ITEM_CD
		,UCTG_GRP_CD
		,MCTG_GRP_CD
		,SCTG_GRP_CD
		,PACK_QTY
		,VOL_VAL
		,PRWT_VAL
		,LEN
		,LEN_UNIT_CD
		,WT_UNIT_CD
		,VOL_UNIT_CD
		,DTL_DSCR
		,CTGR_VAL
		,COLR_NM
		,STYL_NM
		,BRND_NM
		,PRCH_SITE_URL
		,ITEM_URL
		,IMG_URL
		,IMG_FILE_GRP_NO
		,IMG_FILE_NO
		,BRND_CD
		,PTRN_NM
		,ORCN_NM
		,CUST_ITEM_CD
		,CUST_ITEM_NM
		,CUST_ITEM_TYPE_CD
		,HS_CD
		,EXDT_MGMT_CD
		,EXDT_YMD
		,CNSM_TLM_MGMT_YN
		,CNSM_TLM_YMD
		,O2O_YN
		,ITEM_GRD_CD
		,GIFT_YN
		,DEL_YN
		,REG_USER_ID
		,MODI_USER_ID
	) VALUES (
		 (SELECT NVL(MAX(ITEM_MSTR_HIST_SEQ), 0) + 1 FROM TB_BAIM_ITEM_H)
		,#{custId}
		,#{itemCd}
		,#{itemNm}
		,#{vndrId}
		,#{itemGrpCd}
		,#{itemBcd}
		,#{logiBcd}
		,#{itemSaveCd}
		,#{whibSerScanTypeCd}
		,#{whobSerScanYn}
		,#{whibScanYn}
		,#{whobScanYn}
		,#{itemHgt}
		,#{itemWdth}
		,#{itemHght}
		,#{itemWt}
		,#{inCaseBoxHgt}
		,#{inCaseBoxWdth}
		,#{inCaseBoxHght}
		,#{inCaseBoxWt}
		,#{inCaseIntakeQty}
		,#{outCaseBoxHgt}
		,#{outCaseBoxWdth}
		,#{outCaseBoxHght}
		,#{outCaseBoxWt}
		,#{outCaseIntakeQty}
		,#{stockReplQtyMinVal}
		,#{stockReplQtyMaxVal}
		,#{asnValidYmdChkYn}
		,#{ordValidYmdChkYn}
		,#{whibBcdScanYn}
		,#{mnfrCd}
		,#{itemTypeCd}
		,#{putaCellCd}
		,#{bomNo}
		,#{poYn}
		,#{dispItemSaveCd}
		,#{shortNm}
		,#{stndBoxQty}
		,#{stndBoxWt}
		,#{stndPltQty}
		,#{stndPltWt}
		,#{etcBoxQty1}
		,#{etcBoxWt1}
		,#{etcPltQty1}
		,#{etcPltWt1}
		,#{etcBoxQty2}
		,#{etcBoxWt2}
		,#{etcPltQty2}
		,#{etcPltWt2}
		,#{itemRmrk}
		,#{itemPrc}
		,#{chgVolVal}
		,#{altnItemCd}
		,#{uctgGrpCd}
		,#{mctgGrpCd}
		,#{sctgGrpCd}
		,#{packQty}
		,#{volVal}
		,#{prwtVal}
		,#{len}
		,#{lenUnitCd}
		,#{wtUnitCd}
		,#{volUnitCd}
		,#{dtlDscr}
		,#{ctgrVal}
		,#{colrNm}
		,#{stylNm}
		,#{brndNm}
		,#{prchSiteUrl}
		,#{itemUrl}
		,#{imgUrl}
		,#{imgFileGrpNo}
		,#{imgFileNo}
		,#{brndCd}
		,#{ptrnNm}
		,#{orcnNm}
		,#{custItemCd}
		,#{custItemNm}
		,#{custItemTypeCd}
		,#{hsCd}
		,#{exdtMgmtCd}
		,#{exdtYmd}
		,#{cnsmTlmMgmtYn}
		,#{cnsmTlmYmd}
		,#{o2oYn}
		,#{itemGrdCd}
		,#{giftYn}
		,'Y'
		,#{regUserId}
		,#{regUserId}
	)
    </insert>    

    <select id="selectItemDRtn" parameterType="com.oy.wms.baim.item.vo.BaimItemVO" resultType="com.oy.wms.baim.item.vo.BaimItemUnitVO">
		/* [BaimItemMapper][selectItemDRtn] 삭제할 아이템 단위 조회 */ 
		SELECT
			 '0' AS CHK
			,CUST_ID
			,ITEM_CD
			,ITEM_SAVE_CD
			,REPR_UNIT_YN
			,MSRE_CD
			,QTY
			,DISP_ITEM_SAVE_CD
			,REPR_CONV_UNIT_YN
			,DEL_YN
			,REG_USER_ID
			,REG_DTIME
			,MODI_USER_ID
			,MODI_DTIME
		FROM TB_BAIM_ITEM_UNIT
	   WHERE DEL_YN = 'N' 
		 AND CUST_ID = #{custId}
		 AND ITEM_CD = #{itemCd}
    </select>

    <select id="selectItemDList" parameterType="com.oy.wms.baim.item.vo.BaimItemUnitVO" resultType="com.oy.wms.baim.item.vo.BaimItemUnitVO">
		/* [BaimItemMapper][selectItemDList] 아이템 단위 조회 */ 
		SELECT
			 '0' AS CHK
			,CUST_ID
			,ITEM_CD
			,ITEM_SAVE_CD
			,REPR_UNIT_YN
			,MSRE_CD
			,QTY
			,DISP_ITEM_SAVE_CD
			,REPR_CONV_UNIT_YN
			,DEL_YN
			,REG_USER_ID
			,REG_DTIME
			,MODI_USER_ID
			,MODI_DTIME
		FROM TB_BAIM_ITEM_UNIT
	   WHERE DEL_YN = 'N' 
		 AND CUST_ID = #{custId}
		 AND ITEM_CD = #{itemCd}
    </select>
    
    <update id="mergeItemDtl" parameterType="com.oy.wms.baim.item.vo.BaimItemUnitVO">
		/* [BaimItemMapper][mergeItemDtl] 아이템 상세 저장(I/U) */ 
		MERGE INTO TB_BAIM_ITEM_UNIT U
		USING (
			SELECT 
			      #{custId} AS CUST_ID
				 ,#{itemCd} AS ITEM_CD
				 ,#{itemSaveCd} AS ITEM_SAVE_CD
				 ,#{qty} AS QTY
				 ,#{regUserId} AS REG_USER_ID
			FROM DUAL
        ) R
		ON ( U.CUST_ID = R.CUST_ID AND U.ITEM_CD = R.ITEM_CD )
		WHEN MATCHED THEN
		UPDATE SET
		     DEL_YN         = 'N'
		    ,ITEM_SAVE_CD   =  R.ITEM_SAVE_CD
		    ,QTY            =  R.QTY
            ,MODI_USER_ID   =  R.REG_USER_ID
            ,MODI_DTIME     =  current_timestamp 		     
		WHEN NOT MATCHED THEN
		INSERT 
		(
			CUST_ID
		  , ITEM_CD
		  , ITEM_SAVE_CD
		  , QTY
		  , DEL_YN
		  , REG_USER_ID
		  , MODI_USER_ID
		)
		VALUES 
		(
			R.CUST_ID
		  , R.ITEM_CD
		  , R.ITEM_SAVE_CD
		  , R.QTY
		  , 'N'
		  , R.REG_USER_ID
		  , R.REG_USER_ID
		)
    </update>
    
    <update id="updateItemDtl" parameterType="com.oy.wms.baim.item.vo.BaimItemUnitVO">
		/* [BaimItemMapper][updateItemDtl] 아이템 상세 수정 */ 
		UPDATE TB_BAIM_ITEM_UNIT
		SET 
			 ITEM_SAVE_CD = #{itemSaveCd}
			,REPR_UNIT_YN = #{reprUnitYn}
			,MSRE_CD = #{msreCd}
			,QTY = #{qty}
			,DISP_ITEM_SAVE_CD = #{dispItemSaveCd}
			,REPR_CONV_UNIT_YN = #{reprConvUnitYn}
			,MODI_USER_ID = #{modiUserId}
			,MODI_DTIME = current_timestamp
		WHERE CUST_ID	=	#{custId}
		  AND ITEM_CD	=	#{itemCd}
    </update>    
    
    <update id="deleteItemDtl" parameterType="com.oy.wms.baim.item.vo.BaimItemUnitVO">
        /* [BaimItemMapper][deleteItemDtl] 아이템 상세 삭제 */ 
        UPDATE TB_BAIM_ITEM_UNIT
        SET
             DEL_YN = 'Y'
            ,MODI_USER_ID = #{modiUserId}
            ,MODI_DTIME = current_timestamp
		WHERE CUST_ID = #{custId}
		  AND ITEM_CD = #{itemCd}
    </update> 
    
    <insert id="insertItemDtlHist" parameterType="com.oy.wms.baim.item.vo.BaimItemUnitVO">    
	    /* [BaimItemMapper][insertItemDtlHist] 아이템 상세 이력(I/U) */ 
	    INSERT INTO TB_BAIM_ITEM_UNIT_H (
		 ITEM_UNIT_HIST_SEQ
		,CUST_ID
		,ITEM_CD
		,ITEM_SAVE_CD
		,REPR_UNIT_YN
		,MSRE_CD
		,QTY
		,DISP_ITEM_SAVE_CD
		,REPR_CONV_UNIT_YN
		,DEL_YN
		,REG_USER_ID
		,MODI_USER_ID
	) VALUES (
		 (SELECT NVL(MAX(ITEM_UNIT_HIST_SEQ), 0) + 1 FROM TB_BAIM_ITEM_UNIT_H)
		,#{custId}
		,#{itemCd}
		,#{itemSaveCd}
		,#{reprUnitYn}
		,#{msreCd}
		,#{qty}
		,#{dispItemSaveCd}
		,#{reprConvUnitYn}
		,'N'
		,#{regUserId}
		,#{regUserId}
	)
 	</insert>
 	
 	<insert id="deleteItemDtlHist" parameterType="com.oy.wms.baim.item.vo.BaimItemUnitVO">    
	    /* [BaimItemMapper][deleteItemDtlHist] 아이템 상세 이력(D) */ 
	    INSERT INTO TB_BAIM_ITEM_UNIT_H (
		 ITEM_UNIT_HIST_SEQ
		,CUST_ID
		,ITEM_CD
		,ITEM_SAVE_CD
		,REPR_UNIT_YN
		,MSRE_CD
		,QTY
		,DISP_ITEM_SAVE_CD
		,REPR_CONV_UNIT_YN
		,DEL_YN
		,REG_USER_ID
		,MODI_USER_ID
	) VALUES (
		 (SELECT NVL(MAX(ITEM_UNIT_HIST_SEQ), 0) + 1 FROM TB_BAIM_ITEM_UNIT_H)
		,#{custId}
		,#{itemCd}
		,#{itemSaveCd}
		,#{reprUnitYn}
		,#{msreCd}
		,#{qty}
		,#{dispItemSaveCd}
		,#{reprConvUnitYn}
		,'Y'
		,#{regUserId}
		,#{regUserId}
	)
 	</insert>
 
    <select id="checkDupItemGrp" parameterType="com.oy.wms.baim.item.vo.BaimItemGrpVO" resultType="boolean">
        /* [BaimItemMapper][checkDupItemGrp] 상품 그룹코드 중복 조회 */
        SELECT 
           (CASE WHEN EXISTS( 
                    SELECT
                        REG_USER_ID
                    FROM TB_BAIM_ITEM_GRP
                    WHERE ITEM_GRP_CD         = #{itemGrpCd}
               ) THEN 1 ELSE 0 END) AS IS_DUP
        FROM DUAL    
    </select> 
 	
    <select id="checkDupItem" parameterType="com.oy.wms.baim.item.vo.BaimItemVO" resultType="boolean">
        /* [BaimItemMapper][checkDupItem] 상품관리 마스터 아이템 중복 조회 */
        SELECT 
           (CASE WHEN EXISTS( 
                    SELECT
                        REG_USER_ID
                    FROM TB_BAIM_ITEM
                    WHERE CUST_ID         = #{custId}
		              AND ITEM_CD         = #{itemCd}
               ) THEN 1 ELSE 0 END) AS IS_DUP
        FROM DUAL    
    </select>   	

</mapper>