<?xml version="1.0" encoding="UTF-8"?>
<!DOCTYPE mapper PUBLIC "-//mybatis.org//DTD Mapper 3.0//EN" "http://mybatis.org/dtd/mybatis-3-mapper.dtd">
<mapper namespace="com.oy.wms.baim.code.BaimCodeMapper">
	
	<select id="isExistCode" parameterType="com.oy.wms.baim.code.vo.BaimCodeDVO" resultType="int">
		/* [sql-BaimCode][isExistCode] 기준코드 존재여부 */
		SELECT COUNT(1)
		  FROM TB_BAIM_CODE_M A
		 WHERE 1=1
		   AND A.STD_CD = #{stdCd}
	</select>
	
	<select id="selectCode" parameterType="com.oy.wms.baim.code.vo.BaimCodeMVO" resultType="com.oy.wms.baim.code.vo.BaimCodeMVO">
		/* [sql-BaimCode][selectCode] 기준코드 조회 */
		SELECT
			 M.STD_CD                            AS STD_CD
			,M.STD_CD_NM                         AS STD_CD_NM
			,M.USER_TYPE_CD                      AS USER_TYPE_CD
            ,D.STD_DTL_CD_NM                     AS USER_TYPE_NM
			,M.MLNG_YN                           AS MLNG_YN
			,M.DEL_YN                            AS DEL_YN
			,M.REG_USER_ID                       AS REG_USER_ID
			,TO_CHAR(M.REG_DTIME, 'yyyy-mm-dd')  AS REG_DTIME
			,M.MODI_USER_ID                      AS MODI_USER_ID
			,TO_CHAR(M.MODI_DTIME, 'yyyy-mm-dd') AS MODI_DTIME
			,'0' AS CHK
		FROM TB_BAIM_CODE_M M,
            (SELECT STD_DTL_CD, STD_DTL_CD_NM FROM TB_BAIM_CODE_D WHERE STD_CD = 'SYST0005') D
        WHERE M.USER_TYPE_CD = D.STD_DTL_CD(+)
			<if test="stdCd != null and stdCd != '' ">
			AND STD_CD = #{stdCd}
			</if>
			<if test="stdCdNm != null and stdCdNm != '' ">
			AND STD_CD_NM LIKE #{stdCdNm} || '%'
			</if>
			<if test="userTypeCd != null and userTypeCd != '' ">
			AND USER_TYPE_CD = #{userTypeCd}
			</if>
			<if test="delYn != null and delYn != '' ">
			AND DEL_YN = #{delYn}
			</if>
		ORDER BY STD_CD ASC
	</select>
	
	
	<insert id="insertCode" parameterType="com.oy.wms.baim.code.vo.BaimCodeMVO">
		/* [sql-BaimCode][insertCode] 기준코드 등록 */
		INSERT INTO TB_BAIM_CODE_M (
			 STD_CD
			,STD_CD_NM
			,USER_TYPE_CD
			,MLNG_YN
			,DEL_YN
			,REG_USER_ID
			,MODI_USER_ID
		) VALUES (
			 #{stdCd}
			,#{stdCdNm}
			,#{userTypeCd}
			,#{mlngYn}
			,'N'
			,#{regUserId}
			,#{regUserId}
		)
	</insert>	
	
	
	<update id="updateCode" parameterType="com.oy.wms.baim.code.vo.BaimCodeMVO">
		/* [sql-BaimCode][updateCode] 기준코드 수정 */
		UPDATE TB_BAIM_CODE_M
		SET 
			 STD_CD_NM = #{stdCdNm}
			,USER_TYPE_CD = #{userTypeCd}
			,MLNG_YN = #{mlngYn}
			,MODI_USER_ID = #{modiUserId}
			,MODI_DTIME = current_timestamp
		WHERE STD_CD	=	#{stdCd}
	</update>	
	
	
	<update id="deleteCode" parameterType="com.oy.wms.baim.code.vo.BaimCodeMVO">
		/* [sql-BaimCode][deleteCode] 기준코드 삭제 */
		UPDATE TB_BAIM_CODE_M
		SET 
			DEL_YN = 'Y'
			,MODI_USER_ID = #{modiUserId}
			,MODI_DTIME = current_timestamp
		WHERE STD_CD	=	#{stdCd}
	</update>	
	
	<select id="checkDupCode" parameterType="com.oy.wms.baim.code.vo.BaimCodeMVO" resultType="boolean">
		/* [BaimCode][checkDupCode] 기준코드 중복 체크 */
		SELECT 
		   (CASE WHEN EXISTS( 
					SELECT
						REG_USER_ID
					FROM TB_BAIM_CODE_M
					WHERE STD_CD = #{stdCd}
			   ) THEN 1 ELSE 0 END) AS IS_DUP
		FROM DUAL    
	</select>
	
    <select id="selectCodeDetail" parameterType="com.oy.wms.baim.code.vo.BaimCodeDVO" resultType="com.oy.wms.baim.code.vo.BaimCodeDVO">
        /* [sql-BaimCode][selectCodeDetail] 기준코드상세 조회 */
		SELECT
			 STD_CD          AS STD_CD
			,STD_DTL_CD      AS STD_DTL_CD
			,STD_DTL_CD_NM   AS STD_DTL_CD_NM
			,CD_DSCR         AS CD_DSCR
			,SORT_ORDR       AS SORT_ORDR
			,ETC_VAL1        AS ETC_VAL1
			,ETC_VAL2        AS ETC_VAL2
			,ETC_VAL3        AS ETC_VAL3
			,ETC_VAL4        AS ETC_VAL4
			,ETC_VAL5        AS ETC_VAL5
			,ETC_VAL6        AS ETC_VAL6
			,ETC_VAL7        AS ETC_VAL7
			,ETC_VAL8        AS ETC_VAL8
			,ETC_VAL9        AS ETC_VAL9
			,ETC_VAL10       AS ETC_VAL10
			,DEL_YN          AS DEL_YN
			,REG_USER_ID     AS REG_USER_ID
			,MODI_USER_ID    AS MODI_USER_ID
			,'0'             AS CHK
			,TO_CHAR(REG_DTIME, 'yyyy-mm-dd') AS REG_DTIME
			,TO_CHAR(MODI_DTIME, 'yyyy-mm-dd') AS MODI_DTIME
		FROM TB_BAIM_CODE_D
		<where>
			<if test="stdCd != null and stdCd != '' ">
			AND STD_CD = #{stdCd}
			</if>
			<if test="stdDtlCd != null and stdDtlCd != '' ">
			AND STD_DTL_CD = #{stdDtlCd}
			</if>
		</where>
		ORDER BY SORT_ORDR
    </select>

	<insert id="insertCodeDetail" parameterType="com.oy.wms.baim.code.vo.BaimCodeDVO">
		/* [sql-BaimCode][insertCodeDetail] 기준코드상세 등록 */
		INSERT INTO TB_BAIM_CODE_D (
			 STD_CD
			,STD_DTL_CD
			,STD_DTL_CD_NM
			,CD_DSCR
			,SORT_ORDR
			,ETC_VAL1
			,ETC_VAL2
			,ETC_VAL3
			,ETC_VAL4
			,ETC_VAL5
			,ETC_VAL6
			,ETC_VAL7
			,ETC_VAL8
			,ETC_VAL9
			,ETC_VAL10
			,DEL_YN
			,REG_USER_ID
			,MODI_USER_ID
		) VALUES (
			 #{stdCd}
			,#{stdDtlCd}
			,#{stdDtlCdNm}
			,#{cdDscr}
			,#{sortOrdr}
			,#{etcVal1}
			,#{etcVal2}
			,#{etcVal3}
			,#{etcVal4}
			,#{etcVal5}
			,#{etcVal6}
			,#{etcVal7}
			,#{etcVal8}
			,#{etcVal9}
			,#{etcVal10}
			,'N'
			,#{regUserId}
			,#{regUserId}
		)
	</insert>	
	
	
	<update id="updateCodeDetail" parameterType="com.oy.wms.baim.code.vo.BaimCodeDVO">
		/* [sql-BaimCode][updateCodeDetail] 기준코드상세 수정 */
		UPDATE TB_BAIM_CODE_D
		SET 
			 STD_DTL_CD_NM = #{stdDtlCdNm}
			,CD_DSCR = #{cdDscr}
			,SORT_ORDR = #{sortOrdr}
			,ETC_VAL1 = #{etcVal1}
			,ETC_VAL2 = #{etcVal2}
			,ETC_VAL3 = #{etcVal3}
			,ETC_VAL4 = #{etcVal4}
			,ETC_VAL5 = #{etcVal5}
			,ETC_VAL6 = #{etcVal6}
			,ETC_VAL7 = #{etcVal7}
			,ETC_VAL8 = #{etcVal8}
			,ETC_VAL9 = #{etcVal9}
			,ETC_VAL10 = #{etcVal10}
			,MODI_USER_ID = #{modiUserId}
			,MODI_DTIME = current_timestamp
		WHERE STD_CD	=	#{stdCd}
		AND STD_DTL_CD	=	#{stdDtlCd}
	</update>
	
	<update id="deleteCodeDetail" parameterType="com.oy.wms.baim.code.vo.BaimCodeDVO">
		/* [sql-BaimCode][deleteCodeDetail] 기준코드상세 삭제 */
		UPDATE TB_BAIM_CODE_D
		SET 
			DEL_YN = 'Y'
			,MODI_USER_ID = #{modiUserId}
			,MODI_DTIME = current_timestamp
		WHERE STD_CD	=	#{stdCd}
		AND STD_DTL_CD	=	#{stdDtlCd}
	</update>
	
	<select id="checkDupCodeDetail" parameterType="com.oy.wms.baim.code.vo.BaimCodeDVO" resultType="boolean">
		/* [BaimCode][checkDupCodeDetail] 기준코드상세 중복 체크 */
		SELECT 
		   (CASE WHEN EXISTS( 
					SELECT
						REG_USER_ID
					FROM TB_BAIM_CODE_D
					WHERE STD_CD = #{stdCd}
						AND STD_DTL_CD = #{stdDtlCd}
			   ) THEN 1 ELSE 0 END) AS IS_DUP
		FROM DUAL    
	</select>
</mapper>