<?xml version="1.0" encoding="UTF-8"?>
<!DOCTYPE mapper PUBLIC "-//mybatis.org//DTD Mapper 3.0//EN" "http://mybatis.org/dtd/mybatis-3-mapper.dtd">
<mapper namespace="com.oy.wms.baim.cust.bp.BaimCustBpMapper">
    
    <!-- BaimCustBpVO -->
    <select id="selectCustBpList" parameterType="com.oy.wms.baim.cust.bp.BaimCustBpVO" resultType="com.oy.wms.baim.cust.bp.BaimCustBpVO">
		/* [BaimCustBpMapper][selectCustBpList] 고객사별 거리채관리 조회 */
		SELECT
			 VNDR_ID
			,CUST_ID
			,INDIR_BP_TYPE_CD
			,REL_CORP_TYPE_CD
			,TEL_NO1
			,TEL_NO2
			,TEL_NO3
			,INDIR_BP_FAX_NO1
			,INDIR_BP_FAX_NO2
			,INDIR_BP_FAX_NO3
			,CNTRY_CD
			,SIDO
			,SKK
			,CUST_BP_DSCR
			,SYS_USE_DIV_CD
			,EXST_SYS_CD
			,SAME_BP_DIV_CD
			,OLDR_BP_CD
			,SRC_BP_CD
			,VNDR_GRP_CD
			,VNDR_DIV_CD
			,MNGR_NM
			,BSPS_CD
			,REPRE_NM
			,TXPY_ADDR
			,TXPY_DTL_ADDR
			,TAX_BIL_PRINT_DIV_CD
			,TXPY_BZCN_NM
			,TXPY_BZNM
			,TXPY_CTGRY_NM
			,TXPY_NO
			,TXPY_REPRE_NM
			,NEW_BZCN_DIV_CD
			,SALE_USER_NM
			,SALE_USER_TEL_NO1
			,SALE_USER_TEL_NO2
			,SALE_USER_TEL_NO3
			,MAIN_WHOB_CNTR_CD
			,WH_DIV_CD
			,PNLTY_YN
			,SALES_DEPT_ENTR_NO
			,SALES_DEPT_SAP_CD
			,CNTR_GLS_USE_YN
			,DVNT_PRINT_DIV_CD
			,ADAPT_WK_DIV_CD
			,DEL_YN
			,REG_USER_ID
			,TO_CHAR(REG_DTIME, 'yyyy-mm-dd') AS REG_DTIME
			,MODI_USER_ID
			,TO_CHAR(MODI_DTIME, 'yyyy-mm-dd') AS MODI_DTIME
		FROM TB_BAIM_CUST_BP
		WHERE DEL_YN = 'N'
		<if test="vndrId != null and vndrId != '' "> 
		  AND VNDR_ID = #{vndrId}
		</if>
		<if test="custBpDscr != null and custBpDscr != '' "> 
		  AND CUST_BP_DSCR = #{custBpDscr}
		</if>					
    </select>
    
    <insert id="insertCustBpList" parameterType="com.oy.wms.baim.cust.bp.BaimCustBpVO">
		/* [BaimCustBpMapper][insertCustBpList] 고객사별 거리채관리 추가 */
		INSERT INTO TB_BAIM_CUST_BP (
			 VNDR_ID
			,CUST_ID
			,INDIR_BP_TYPE_CD
			,REL_CORP_TYPE_CD
			,TEL_NO1
			,TEL_NO2
			,TEL_NO3
			,INDIR_BP_FAX_NO1
			,INDIR_BP_FAX_NO2
			,INDIR_BP_FAX_NO3
			,CNTRY_CD
			,SIDO
			,SKK
			,CUST_BP_DSCR
			,SYS_USE_DIV_CD
			,EXST_SYS_CD
			,SAME_BP_DIV_CD
			,OLDR_BP_CD
			,SRC_BP_CD
			,VNDR_GRP_CD
			,VNDR_DIV_CD
			,MNGR_NM
			,BSPS_CD
			,REPRE_NM
			,TXPY_ADDR
			,TXPY_DTL_ADDR
			,TAX_BIL_PRINT_DIV_CD
			,TXPY_BZCN_NM
			,TXPY_BZNM
			,TXPY_CTGRY_NM
			,TXPY_NO
			,TXPY_REPRE_NM
			,NEW_BZCN_DIV_CD
			,SALE_USER_NM
			,SALE_USER_TEL_NO1
			,SALE_USER_TEL_NO2
			,SALE_USER_TEL_NO3
			,MAIN_WHOB_CNTR_CD
			,WH_DIV_CD
			,PNLTY_YN
			,SALES_DEPT_ENTR_NO
			,SALES_DEPT_SAP_CD
			,CNTR_GLS_USE_YN
			,DVNT_PRINT_DIV_CD
			,ADAPT_WK_DIV_CD
			,DEL_YN
			,REG_USER_ID
			,REG_DTIME
			,MODI_USER_ID
			,MODI_DTIME
		) VALUES (
			 #{vndrId}
			,#{custId}
			,#{indirBpTypeCd}
			,#{relCorpTypeCd}
			,#{telNo1}
			,#{telNo2}
			,#{telNo3}
			,#{indirBpFaxNo1}
			,#{indirBpFaxNo2}
			,#{indirBpFaxNo3}
			,#{cntryCd}
			,#{sido}
			,#{skk}
			,#{custBpDscr}
			,#{sysUseDivCd}
			,#{exstSysCd}
			,#{sameBpDivCd}
			,#{oldrBpCd}
			,#{srcBpCd}
			,#{vndrGrpCd}
			,#{vndrDivCd}
			,#{mngrNm}
			,#{bspsCd}
			,#{repreNm}
			,#{txpyAddr}
			,#{txpyDtlAddr}
			,#{taxBilPrintDivCd}
			,#{txpyBzcnNm}
			,#{txpyBznm}
			,#{txpyCtgryNm}
			,#{txpyNo}
			,#{txpyRepreNm}
			,#{newBzcnDivCd}
			,#{saleUserNm}
			,#{saleUserTelNo1}
			,#{saleUserTelNo2}
			,#{saleUserTelNo3}
			,#{mainWhobCntrCd}
			,#{whDivCd}
			,#{pnltyYn}
			,#{salesDeptEntrNo}
			,#{salesDeptSapCd}
			,#{cntrGlsUseYn}
			,#{dvntPrintDivCd}
			,#{adaptWkDivCd}
			, 'N'
			,#{regUserId}
			, SYSDATE
			,#{regUserId}
			, SYSDATE
		)

    </insert>
    
    <update id="updateCustBpList" parameterType="com.oy.wms.baim.cust.bp.BaimCustBpVO">
		/* [BaimCustBpMapper][updateCustBpList] 고객사별 거리채관리 수정 */
		UPDATE TB_BAIM_CUST_BP
		SET 
			INDIR_BP_TYPE_CD = #{indirBpTypeCd}
			,REL_CORP_TYPE_CD = #{relCorpTypeCd}
			,TEL_NO1 = #{telNo1}
			,TEL_NO2 = #{telNo2}
			,TEL_NO3 = #{telNo3}
			,INDIR_BP_FAX_NO1 = #{indirBpFaxNo1}
			,INDIR_BP_FAX_NO2 = #{indirBpFaxNo2}
			,INDIR_BP_FAX_NO3 = #{indirBpFaxNo3}
			,CNTRY_CD = #{cntryCd}
			,SIDO = #{sido}
			,SKK = #{skk}
			,CUST_BP_DSCR = #{custBpDscr}
			,SYS_USE_DIV_CD = #{sysUseDivCd}
			,EXST_SYS_CD = #{exstSysCd}
			,SAME_BP_DIV_CD = #{sameBpDivCd}
			,OLDR_BP_CD = #{oldrBpCd}
			,SRC_BP_CD = #{srcBpCd}
			,VNDR_GRP_CD = #{vndrGrpCd}
			,VNDR_DIV_CD = #{vndrDivCd}
			,MNGR_NM = #{mngrNm}
			,BSPS_CD = #{bspsCd}
			,REPRE_NM = #{repreNm}
			,TXPY_ADDR = #{txpyAddr}
			,TXPY_DTL_ADDR = #{txpyDtlAddr}
			,TAX_BIL_PRINT_DIV_CD = #{taxBilPrintDivCd}
			,TXPY_BZCN_NM = #{txpyBzcnNm}
			,TXPY_BZNM = #{txpyBznm}
			,TXPY_CTGRY_NM = #{txpyCtgryNm}
			,TXPY_NO = #{txpyNo}
			,TXPY_REPRE_NM = #{txpyRepreNm}
			,NEW_BZCN_DIV_CD = #{newBzcnDivCd}
			,SALE_USER_NM = #{saleUserNm}
			,SALE_USER_TEL_NO1 = #{saleUserTelNo1}
			,SALE_USER_TEL_NO2 = #{saleUserTelNo2}
			,SALE_USER_TEL_NO3 = #{saleUserTelNo3}
			,MAIN_WHOB_CNTR_CD = #{mainWhobCntrCd}
			,WH_DIV_CD = #{whDivCd}
			,PNLTY_YN = #{pnltyYn}
			,SALES_DEPT_ENTR_NO = #{salesDeptEntrNo}
			,SALES_DEPT_SAP_CD = #{salesDeptSapCd}
			,CNTR_GLS_USE_YN = #{cntrGlsUseYn}
			,DVNT_PRINT_DIV_CD = #{dvntPrintDivCd}
			,ADAPT_WK_DIV_CD = #{adaptWkDivCd}
			,MODI_USER_ID = #{modiUserId}
			,MODI_DTIME = SYSDATE
		WHERE 1=1
			AND VNDR_ID = #{vndrId}
			AND CUST_ID = #{custId}
    </update>
    
    <update id="deleteCustBpList" parameterType="com.oy.wms.baim.cust.bp.BaimCustBpVO">
		/* [BaimCustBpMapper][deleteCustBpList] 고객사별 거리채관리 삭제 */
		UPDATE TB_BAIM_CUST_BP
		SET 
			DEL_YN = 'Y'
			,MODI_USER_ID = #{modiUserId}
			,MODI_DTIME = SYSDATE
		WHERE 1=1
			AND VNDR_ID = #{vndrId}
			AND CUST_ID = #{custId}
	</update>
    
    <select id="checkDupCustBp" parameterType="com.oy.wms.baim.cust.bp.BaimCustBpVO" resultType="boolean">
		/* [BaimDistStrtMapper][checkDupCustBp] 고객사별 거리채관리 중복체크 */
		SELECT 
		   (CASE WHEN EXISTS( 
					SELECT
						REG_USER_ID
					FROM TB_BAIM_CUST_BP
					WHERE VNDR_ID = #{vndrId}
						AND CUST_ID = #{custId}
			   ) THEN 1 ELSE 0 END) AS IS_DUP
		FROM DUAL    
	</select>
</mapper>