<?xml version="1.0" encoding="UTF-8"?>
<!DOCTYPE mapper PUBLIC "-//mybatis.org//DTD Mapper 3.0//EN" "http://mybatis.org/dtd/mybatis-3-mapper.dtd">
<mapper namespace="com.oy.wms.baim.locn.BaimLocnMapper">
	
	<select id="selectZone" parameterType="com.oy.wms.baim.locn.vo.BaimZoneVO" resultType="com.oy.wms.baim.locn.vo.BaimZoneVO">
		/* [BaimLocnMapper][selectZone] Zone 조회 */
		SELECT
            '0' AS CHK
		    ,A.CNTR_CD
		    ,A.WH_CD
		    ,A.ZONE_CD
		    ,B.CNTR_NM
		    ,C.WH_NM
		    ,A.ZONE_NM
		    ,A.ZONE_TYPE_CD
		    ,A.PRTY_RANK
		    ,A.HLD_STTS_CD
		    ,A.TMP_CHK_YN
		    ,A.TMP_STTS_CD
		    ,A.LOC_AREA_CD
		    ,A.CHNL_CD
		    ,A.DSCR
		    ,A.DEL_YN
            ,A.REG_USER_ID
            ,TO_CHAR(A.REG_DTIME, 'yyyy-mm-dd hh24:mi:ss') AS REG_DTIME
            ,A.MODI_USER_ID
            ,TO_CHAR(A.MODI_DTIME, 'yyyy-mm-dd hh24:mi:ss') AS MODI_DTIME
		FROM TB_BAIM_ZONE A,
             TB_BAIM_CNTR B,
             TB_BAIM_WARE C
        WHERE A.CNTR_CD = B.CNTR_CD
          AND A.CNTR_CD = C.CNTR_CD
          AND   A.WH_CD = C.WH_CD
          <if test="cntrCd != null and cntrCd != '' ">
		  AND A.CNTR_CD = #{cntrCd}
		  </if>
		  <if test="whCd != null and whCd != '' ">
		  AND A.WH_CD = #{whCd}
		  </if>
		  <if test="zoneCd != null and zoneCd != '' ">
		  AND A.ZONE_CD = #{zoneCd}
		  </if>
          <if test="zoneNm != null and zoneNm != '' ">
          AND A.ZONE_NM LIKE '%' || #{zoneNm} || '%'
          </if>		  
          <if test="delYn != null and delYn != '' ">
          AND A.DEL_YN = #{delYn}
          </if>		  
	</select>
	
	<insert id="insertZone" parameterType="com.oy.wms.baim.locn.vo.BaimZoneVO">
		/* [BaimLocnMapper][insertZone] Zone 등록 */
		INSERT INTO TB_BAIM_ZONE (
		     CNTR_CD          /* 센터코드 */    
		    ,WH_CD            /* 창고코드 */
		    ,ZONE_CD          /* 센터코드 */
		    ,ZONE_NM          /* ZONE코드 */
		    ,ZONE_TYPE_CD     /* ZONE유형 */
		    ,PRTY_RANK        /* 우선순위 */
		    ,HLD_STTS_CD      /* 보류상태코드 */
		    ,TMP_CHK_YN       /* 온도체크여부 */
		    ,TMP_STTS_CD      /* 온도상태코드 */
		    ,LOC_AREA_CD      /* 로케이션 권역 코드 */
		    ,CHNL_CD          /* 채널코드 */
		    ,DSCR             /* 설명 */
		    ,DEL_YN           /* 삭제여부 */
		    ,REG_USER_ID      /* 등록자 */
		    ,MODI_USER_ID     /* 수정자 */
		) VALUES (
		     #{cntrCd}
		    ,#{whCd}
		    ,#{zoneCd}
		    ,#{zoneNm}
		    ,#{zoneTypeCd}
		    ,#{prtyRank}
		    ,#{hldSttsCd}
		    ,#{tmpChkYn}
		    ,#{tmpSttsCd}
		    ,#{locAreaCd}
		    ,#{chnlCd}
		    ,#{dscr}
		    ,'N'
		    ,#{regUserId}
		    ,#{regUserId}
		)
	</insert>	
	
	
	<update id="updateZone" parameterType="com.oy.wms.baim.locn.vo.BaimZoneVO">
		/* [BaimLocnMapper][updateZone] Zone 수정 */
		UPDATE TB_BAIM_ZONE
		SET 
		
		     ZONE_NM      = #{zoneNm}
		    ,ZONE_TYPE_CD = #{zoneTypeCd}
		    ,PRTY_RANK    = #{prtyRank}
		    ,HLD_STTS_CD  = #{hldSttsCd}
		    ,TMP_CHK_YN   = #{tmpChkYn}
		    ,TMP_STTS_CD  = #{tmpSttsCd}
		    ,LOC_AREA_CD  = #{locAreaCd}
		    ,CHNL_CD      = #{chnlCd}
		    ,DSCR         = #{dscr}
		    ,DEL_YN       = #{delYn}
		    ,MODI_USER_ID = #{modiUserId}
		    ,MODI_DTIME   = current_timestamp
		WHERE CNTR_CD = #{cntrCd}
		  AND WH_CD   = #{whCd}
		  AND ZONE_CD = #{zoneCd}
	</update>	
	
	
	<update id="deleteZone" parameterType="com.oy.wms.baim.locn.vo.BaimZoneVO">
		/* [BaimLocnMapper][deleteZone] Zone 삭제 */
		UPDATE TB_BAIM_ZONE
		   SET DEL_YN		   = 'Y'
		   	   ,MODI_USER_ID   = #{modiUserId}
		   	   ,MODI_DTIME 	= current_timestamp
		 WHERE CNTR_CD		= #{cntrCd}
		   AND WH_CD		= #{whCd}
		   AND ZONE_CD		= #{zoneCd}
	</update>	
	
    <select id="checkDupZone" parameterType="com.oy.wms.baim.locn.vo.BaimZoneVO" resultType="boolean">
        /* [BaimLocnMapper][checkDupZone] ZONE 중복 조회 */
        SELECT 
           (CASE WHEN EXISTS( 
                    SELECT
                        REG_USER_ID
                    FROM TB_BAIM_ZONE
					WHERE CNTR_CD      = #{cntrCd}
					  AND WH_CD        = #{whCd}
					  AND ZONE_CD      = #{zoneCd}
               ) THEN 1 ELSE 0 END) AS IS_DUP
        FROM DUAL    
    </select> 	
	
	<select id="selectLocation" parameterType="com.oy.wms.baim.locn.vo.BaimLocVO" resultType="com.oy.wms.baim.locn.vo.BaimLocVO">
		/* [BaimLocnMapper][selectLocation] Location 조회 */
		SELECT
		     '0' AS CHK
		    ,A.CNTR_CD
		    ,A.WH_CD
		    ,A.LOC_CD
		    ,B.CNTR_NM
		    ,C.WH_NM
		    ,A.LOC_NM
		    ,A.ZONE_CD
		    ,A.POS_TYPE_CD
		    ,A.PRTY_RANK
		    ,A.DTL_NO
		    ,A.HLD_STTS_CD
		    ,A.CHNL_CD
		    ,A.LOC_DSCR
		    ,A.LOGIC_LOC_DSCR
		    ,A.DEL_YN
            ,A.REG_USER_ID
            ,TO_CHAR(A.REG_DTIME, 'yyyy-mm-dd hh24:mi:ss') AS REG_DTIME
            ,A.MODI_USER_ID
            ,TO_CHAR(A.MODI_DTIME, 'yyyy-mm-dd hh24:mi:ss') AS MODI_DTIME
		FROM TB_BAIM_LOC A,
             TB_BAIM_CNTR B,
             TB_BAIM_WARE C
        WHERE A.CNTR_CD = B.CNTR_CD
          AND A.CNTR_CD = C.CNTR_CD
          AND   A.WH_CD = C.WH_CD
        <if test='cntrCd != null and cntrCd !=""'>
          AND A.CNTR_CD = #{cntrCd}
        </if>		
		<if test='whCd != null and whCd !=""'>
		  AND A.WH_CD = #{whCd}
		</if>
		<if test='zoneCd != null and zoneCd !=""'>
		  AND A.ZONE_CD  = #{zoneCd}
		</if>
		<if test='locCd != null and locCd !=""'>
		  AND A.LOC_CD   = #{locCd}
		</if>
        <if test='locNm != null and locNm !=""'>
          AND A.LOC_NM   LIKE '%' || #{locNm} || '%'
        </if>		
		<if test='delYn != null and delYn !=""'>
		  AND A.DEL_YN = #{delYn}
		</if>
	</select>
	
	<insert id="insertLocation" parameterType="com.oy.wms.baim.locn.vo.BaimLocVO">
		/* [BaimLocnMapper][insertLocation] Location 등록 */
		INSERT INTO TB_BAIM_LOC (
		     CNTR_CD          /* 센터코드 */
		    ,WH_CD            /* 창고코드 */
		    ,LOC_CD           /* 로케이션코드 */
		    ,LOC_NM           /* 로케이션명 */
		    ,ZONE_CD          /* ZONE 코드 */
		    ,POS_TYPE_CD      /* 위치유형코드 */
		    ,PRTY_RANK        /* 우선순위 */
		    ,DTL_NO           /* 상세번호 */
		    ,HLD_STTS_CD      /* 보류상태코드 */
		    ,CHNL_CD          /* 채널코드 */
		    ,LOC_DSCR         /* 로케이션설명 */
		    ,LOGIC_LOC_DSCR   /* 로지컬로케이션설명 */
		    ,DEL_YN           /* 삭제여부 */
		    ,REG_USER_ID      /* 등록자 */
		    ,MODI_USER_ID     /* 수정자 */
		) VALUES (
		     #{cntrCd}
		    ,#{whCd}
		    ,#{locCd}
		    ,#{locNm}
		    ,#{zoneCd}
		    ,#{posTypeCd}
		    ,#{prtyRank}
		    ,#{dtlNo}
		    ,#{hldSttsCd}
		    ,#{chnlCd}
		    ,#{locDscr}
		    ,#{logicLocDscr}
		    ,'N'
		    ,#{regUserId}
		    ,#{regUserId}
		)
	</insert>	
	
	<update id="updateLocation" parameterType="com.oy.wms.baim.locn.vo.BaimLocVO">
		/* [BaimLocnMapper][updateLocation] Location 수정 */
		UPDATE TB_BAIM_LOC
		SET  
		     LOC_NM           = #{locNm}
		    ,POS_TYPE_CD      = #{posTypeCd}
		    ,PRTY_RANK        = #{prtyRank}
		    ,DTL_NO           = #{dtlNo}
		    ,HLD_STTS_CD      = #{hldSttsCd}
		    ,CHNL_CD          = #{chnlCd}
		    ,LOC_DSCR         = #{locDscr}
		    ,LOGIC_LOC_DSCR   = #{logicLocDscr}
		    ,DEL_YN           = #{delYn}
		    ,MODI_USER_ID     = #{modiUserId}
		    ,MODI_DTIME       = current_timestamp
		WHERE CNTR_CD = #{cntrCd}
		  AND WH_CD   = #{whCd}
		  AND ZONE_CD = #{zoneCd}
		  AND LOC_CD  = #{locCd}
		
	</update>	
	
	
	<update id="deleteLocation" parameterType="com.oy.wms.baim.locn.vo.BaimLocVO">
		/* [BaimLocnMapper][deleteLocation] Location 삭제 */
		UPDATE TB_BAIM_LOC
		   SET DEL_YN		   = 'Y'
		   	   ,MODI_USER_ID   = #{modiUserId}
		   	   ,MODI_DTIME 	= current_timestamp
		 WHERE CNTR_CD		= #{cntrCd}
		   AND WH_CD		= #{whCd}
		   AND ZONE_CD		= #{zoneCd}
		   AND LOC_CD		= #{locCd}
	</update>
	
    <select id="checkDupLocation" parameterType="com.oy.wms.baim.locn.vo.BaimLocVO" resultType="boolean">
        /* [BaimLocnMapper][checkDupLocation] 로케이션 중복 조회 */
        SELECT 
           (CASE WHEN EXISTS( 
                    SELECT
                        REG_USER_ID
                    FROM TB_BAIM_LOC
					WHERE CNTR_CD      = #{cntrCd}
					  AND WH_CD        = #{whCd}
					  AND ZONE_CD      = #{zoneCd}
					  AND LOC_CD       = #{locCd}
               ) THEN 1 ELSE 0 END) AS IS_DUP
        FROM DUAL    
    </select> 	
	
	<select id="selectCell" parameterType="com.oy.wms.baim.locn.vo.BaimCellVO" resultType="com.oy.wms.baim.locn.vo.BaimCellVO">
		/* [BaimLocnMapper][selectCell] Cell 조회 */
		SELECT
		    '0' AS CHK
		    ,A.CNTR_CD
		    ,A.WH_CD
		    ,A.ZONE_CD
		    ,A.LOC_CD
		    ,A.CELL_CD
		    ,B.CNTR_NM
		    ,C.WH_NM
		    ,A.CELL_NM
		    ,A.PRTY_RANK
		    ,A.DTL_NO
		    ,A.CELL_SAVE_CD
		    ,A.CELL_STTS_CD
		    ,A.LOC_STTS_CD
		    ,A.ZONE_STTS_CD
		    ,A.SECT_STTS_CD
		    ,A.HLD_STTS_CD
		    ,A.DOCK_YN
		    ,A.MIXED_ITEM_YN
		    ,A.MIXED_LOT_YN
		    ,A.ROUTE_SNO
		    ,A.SAVE_RACK_TYPE_CD
		    ,A.PUTA_ITEM_CD
		    ,A.HGT
		    ,A.WDTH
		    ,A.LEN
		    ,A.LEN_UNIT_CD
		    ,A.LOSS_ID_YN
		    ,A.LOSS_LOT_YN
		    ,A.PUTA_CELL_TYPE_CD
		    ,A.CELL_DIV_CD
		    ,A.DRAW_WDTH
		    ,A.DRAW_HGT
		    ,A.DRAW_ITEM_XPOS_VAL
		    ,A.DRAW_ITEM_YPOS_VAL
		    ,A.DRAW_ITEM_WDTH
		    ,A.DRAW_ITEM_HGT
		    ,A.CELL_FLNO
		    ,A.PUTA_POSS_YN
		    ,A.ALLOC_FAIL_RSN
		    ,A.CELL_VOL_TYPE_CD
		    ,A.CELL_FLNO_TYPE_CD
		    ,A.DEL_YN
            ,A.REG_USER_ID
            ,TO_CHAR(A.REG_DTIME, 'yyyy-mm-dd hh24:mi:ss') AS REG_DTIME
            ,A.MODI_USER_ID
            ,TO_CHAR(A.MODI_DTIME, 'yyyy-mm-dd hh24:mi:ss') AS MODI_DTIME
		FROM TB_BAIM_CELL A,
             TB_BAIM_CNTR B,
             TB_BAIM_WARE C
        WHERE A.CNTR_CD = B.CNTR_CD
          AND A.CNTR_CD = C.CNTR_CD
          AND   A.WH_CD = C.WH_CD
        <if test='cntrCd != null and cntrCd !=""'>
          AND A.CNTR_CD = #{cntrCd}
        </if>		
		<if test='whCd != null and whCd !=""'>
		  AND A.WH_CD = #{whCd}
		</if>
		<if test='zoneCd != null and zoneCd !=""'>
		  AND A.ZONE_CD  = #{zoneCd}
		</if>
		<if test='locCd != null and locCd !=""'>
		  AND A.LOC_CD   = #{locCd}
		</if>
        <if test='cellNm != null and cellNm !=""'>
          AND A.CELL_NM  LIKE '%' || #{cellNm} || '%'
        </if>		
		<if test='hldSttsCd != null and hldSttsCd !=""'>
		  AND A.HLD_STTS_CD   = #{hldSttsCd}
		</if>
		<if test='cellFlno != null and cellFlno !=""'>
		  AND A.CELL_FLNO   = #{cellFlno}
		</if>
		<if test='delYn != null and delYn !=""'>
		  AND A.DEL_YN = #{delYn}
		</if>
	</select>
	
	<insert id="insertCell" parameterType="com.oy.wms.baim.locn.vo.BaimCellVO">
		/* [BaimLocnMapper][insertCell] Cell 등록 */
		INSERT INTO TB_BAIM_CELL (
		     CNTR_CD              /*  센터코드    */
		    ,WH_CD                /*  창고코드    */
		    ,ZONE_CD              /*  ZONE코드    */
		    ,LOC_CD               /*  로케이션코드    */
		    ,CELL_CD              /*  셀코드    */
		    ,CELL_NM              /*  셀명    */
		    ,PRTY_RANK            /*  우선순위    */
		    ,DTL_NO               /*  상세번호    */
		    ,CELL_SAVE_CD         /*  셀저장코드    */
		    ,CELL_STTS_CD         /*  셀상태코드    */
		    ,LOC_STTS_CD          /*  로케이션상태코드    */
		    ,ZONE_STTS_CD         /*  존상태코드    */
		    ,SECT_STTS_CD         /*  섹션상태코드    */
		    ,HLD_STTS_CD          /*  보류상태코드    */
		    ,DOCK_YN              /*  도크여부    */
		    ,MIXED_ITEM_YN        /*  혼적상품여부    */    
		    ,MIXED_LOT_YN         /*  혼적LOT여부    */
		    ,ROUTE_SNO            /*  라우트일련번호    */
		    ,SAVE_RACK_TYPE_CD    /*  저장RACK유형코드    */
		    ,PUTA_ITEM_CD         /*  적치상품코드    */
		    ,HGT                  /*  높이    */
		    ,WDTH                 /*  너비    */
		    ,LEN                  /*  길이    */
		    ,LEN_UNIT_CD          /*  길이단위코드    */
		    ,LOSS_ID_YN           /*  상실ID여부    */
		    ,LOSS_LOT_YN          /*  상실LOT여부    */
		    ,PUTA_CELL_TYPE_CD    /*  적치셀유형코드    */    
		    ,CELL_DIV_CD          /*  셀구분코드    */
		    ,DRAW_WDTH            /*  도면너비    */
		    ,DRAW_HGT             /*  도면높이    */
		    ,DRAW_ITEM_XPOS_VAL   /*  도면상품X좌표값    */    
		    ,DRAW_ITEM_YPOS_VAL   /*  도면상품Y좌표값    */
		    ,DRAW_ITEM_WDTH       /*  도면상품너비   */
		    ,DRAW_ITEM_HGT        /*  도면상품높이    */
		    ,CELL_FLNO            /*  셀단수    */
		    ,PUTA_POSS_YN         /*  적치가능여부    */    
		    ,ALLOC_FAIL_RSN       /*  할당불가사유    */    
		    ,CELL_VOL_TYPE_CD     /*  셀부피유형코드    */
		    ,CELL_FLNO_TYPE_CD    /*  셀단수유형코드    */
		    ,DEL_YN               /*  삭제여부    */
		    ,REG_USER_ID          /*  등록자    */
		    ,MODI_USER_ID         /*  수정자    */
		) VALUES (
		     #{cntrCd}
		    ,#{whCd}
		    ,#{zoneCd}
		    ,#{locCd}
		    ,#{cellCd}
		    ,#{cellNm}
		    ,#{prtyRank}
		    ,#{dtlNo}
		    ,#{cellSaveCd}
		    ,#{cellSttsCd}
		    ,#{locSttsCd}
		    ,#{zoneSttsCd}
		    ,#{sectSttsCd}
		    ,#{hldSttsCd}
		    ,#{dockYn}
		    ,#{mixedItemYn}
		    ,#{mixedLotYn}
		    ,#{routeSno}
		    ,#{saveRackTypeCd}
		    ,#{putaItemCd}
		    ,#{hgt}
		    ,#{wdth}
		    ,#{len}
		    ,#{lenUnitCd}
		    ,#{lossIdYn}
		    ,#{lossLotYn}
		    ,#{putaCellTypeCd}
		    ,#{cellDivCd}
		    ,#{drawWdth}
		    ,#{drawHgt}
		    ,#{drawItemXposVal}
		    ,#{drawItemYposVal}
		    ,#{drawItemWdth}
		    ,#{drawItemHgt}
		    ,#{cellFlno}
		    ,#{putaPossYn}
		    ,#{allocFailRsn}
		    ,#{cellVolTypeCd}
		    ,#{cellFlnoTypeCd}
		    ,'N'
		    ,#{regUserId}
		    ,#{regUserId}
		)
	</insert>	
	
	<update id="updateCell" parameterType="com.oy.wms.baim.locn.vo.BaimCellVO">
		/* [BaimLocnMapper][updateCell] Cell 수정 */
		UPDATE TB_BAIM_CELL
		SET 
		     CELL_NM              = #{cellNm}
		    ,PRTY_RANK            = #{prtyRank}
		    ,DTL_NO               = #{dtlNo}
		    ,CELL_SAVE_CD         = #{cellSaveCd}
		    ,CELL_STTS_CD         = #{cellSttsCd}
		    ,LOC_STTS_CD          = #{locSttsCd}
		    ,ZONE_STTS_CD         = #{zoneSttsCd}
		    ,SECT_STTS_CD         = #{sectSttsCd}
		    ,HLD_STTS_CD          = #{hldSttsCd}
		    ,DOCK_YN              = #{dockYn}
		    ,MIXED_ITEM_YN        = #{mixedItemYn}
		    ,MIXED_LOT_YN         = #{mixedLotYn}
		    ,ROUTE_SNO            = #{routeSno}
		    ,SAVE_RACK_TYPE_CD    = #{saveRackTypeCd}
		    ,PUTA_ITEM_CD         = #{putaItemCd}
		    ,HGT                  = #{hgt}
		    ,WDTH                 = #{wdth}
		    ,LEN                  = #{len}
		    ,LEN_UNIT_CD          = #{lenUnitCd}
		    ,LOSS_ID_YN           = #{lossIdYn}
		    ,LOSS_LOT_YN          = #{lossLotYn}
		    ,PUTA_CELL_TYPE_CD    = #{putaCellTypeCd}
		    ,CELL_DIV_CD          = #{cellDivCd}
		    ,DRAW_WDTH            = #{drawWdth}
		    ,DRAW_HGT             = #{drawHgt}
		    ,DRAW_ITEM_XPOS_VAL   = #{drawItemXposVal}
		    ,DRAW_ITEM_YPOS_VAL   = #{drawItemYposVal}
		    ,DRAW_ITEM_WDTH       = #{drawItemWdth}
		    ,DRAW_ITEM_HGT        = #{drawItemHgt}
		    ,CELL_FLNO            = #{cellFlno}
		    ,PUTA_POSS_YN         = #{putaPossYn}
		    ,ALLOC_FAIL_RSN       = #{allocFailRsn}
		    ,CELL_VOL_TYPE_CD     = #{cellVolTypeCd}
		    ,CELL_FLNO_TYPE_CD    = #{cellFlnoTypeCd}
		    ,DEL_YN               = #{delYn}
		    ,MODI_USER_ID         = #{modiUserId}
		    ,MODI_DTIME           = current_timestamp
		WHERE CNTR_CD = #{cntrCd}
		  AND   WH_CD = #{whCd}
		  AND ZONE_CD = #{zoneCd}
		  AND  LOC_CD = #{locCd}
		  AND CELL_CD = #{cellCd}
	</update>	
	
	
	<update id="deleteCell" parameterType="com.oy.wms.baim.locn.vo.BaimCellVO">
		/* [BaimLocnMapper][deleteCell] Cell 삭제 */
		UPDATE TB_BAIM_CELL
		   SET DEL_YN		  = 'Y'
		   	   ,MODI_USER_ID  = #{modiUserId}
		   	   ,MODI_DTIME 	  = current_timestamp
		 WHERE CNTR_CD		  = #{cntrCd}
		   AND WH_CD		  = #{whCd}
		   AND ZONE_CD		  = #{zoneCd}
		   AND LOC_CD	      = #{locCd}
		   AND CELL_CD        = #{cellCd}
	</update>

    <select id="checkDupCell" parameterType="com.oy.wms.baim.locn.vo.BaimCellVO" resultType="boolean">
        /* [BaimLocnMapper][checkDupCell] 셀 중복 조회 */
        SELECT 
           (CASE WHEN EXISTS( 
                    SELECT
                        REG_USER_ID
                    FROM TB_BAIM_CELL
			        WHERE CNTR_CD = #{cntrCd}
			          AND   WH_CD = #{whCd}
			          AND ZONE_CD = #{zoneCd}
			          AND  LOC_CD = #{locCd}
			          AND CELL_CD = #{cellCd}
               ) THEN 1 ELSE 0 END) AS IS_DUP
        FROM DUAL    
    </select> 
</mapper>