<?xml version="1.0" encoding="UTF-8"?>
<!DOCTYPE mapper PUBLIC "-//mybatis.org//DTD Mapper 3.0//EN" "http://mybatis.org/dtd/mybatis-3-mapper.dtd">
<mapper namespace="com.oy.wms.baim.sample.SampleMapper">
	<select id="selectSome" parameterType="String" resultType="com.oy.wms.baim.sample.vo.SampleVO">
	SELECT
		ID, 
		CNT,
		TXT
	FROM tb_test 
	</select>
	
	<insert id="insertSome" parameterType="com.oy.wms.baim.sample.vo.SampleVO">
	INSERT INTO tb_test (ID, CNT, TXT)
	VALUES (
		SQE_TB_TEST.NEXTVAL,
		NVL(TO_NUMBER(#{cnt}),0),
		#{txt}
	)
	</insert>	
	
	<update id="updateSome" parameterType="com.oy.wms.baim.sample.vo.SampleVO">
	UPDATE tb_test 
	SET
		CNT = #{cnt},
		TXT = #{txt}
	WHERE 1=1
	AND ID = #{id}
	</update>		
	
	<delete id="deleteSome" parameterType="com.oy.wms.baim.sample.vo.SampleVO">
	DELETE FROM tb_test 
	WHERE 1=1
	AND ID = #{id}
	</delete>			
</mapper>