<?xml version="1.0" encoding="UTF-8"?>
<!DOCTYPE mapper PUBLIC "-//mybatis.org//DTD Mapper 3.0//EN" "http://mybatis.org/dtd/mybatis-3-mapper.dtd">
<mapper namespace="com.oy.wms.login.LoginMapper">

    <select id="selectUser" parameterType="String" resultType="com.oy.wms.login.vo.LoginVO">
        /* [LoginMapper][selectUser] 사용자정보 조회 */
        SELECT
		     USER_ID
		    ,USER_NM
		    ,PWD
		    ,CMPNY_TEL_NO1
		    ,CMPNY_TEL_NO2
		    ,CMPNY_TEL_NO3
		    ,HP_NO1
		    ,HP_NO2
		    ,HP_NO3
		    ,HOME_TEL_NO1
		    ,HOME_TEL_NO2
		    ,HOME_TEL_NO3
		    ,EMAIL_ADDR1
		    ,EMAIL_ADDR2
		    ,LANG_DIV_CD
		    ,CNTRY_CD
		    ,EMPY_YMD
		    ,RTRM_YMD
		    ,RQST_YMD
		    ,APRV_YMD
		    ,RJCT_YMD
		    ,EXPRY_YMD
		    ,USER_TYPE_CD
		    ,BLNG_DIV_CD
		    ,CUST_ID
		    ,VNDR_ID
		    ,DEPT_CD
		    ,COCN_YN
		    ,DRM_ADAPT_YN
		    ,TZ_CD
		    ,RQST_RSN
		    ,USE_YN
		    ,DEL_YN
		    ,TEMP_PWD_MODI_YN
		    ,CONN_DIV_CD
		    ,PWD_ERR_CNT
		    ,PWD_FINAL_MODI_DTIME
		    ,ZIP_NO
		    ,ADDR
		    ,DTL_ADDR
		    ,SKK
		    ,SIDO
		    ,USER_WORK_DIV_CD
		    ,SYS_DIV_CD
		    ,EQM_DIV_CD
		FROM TB_SYST_USER
		WHERE 1=1
		AND USER_ID = #{userId}
    </select>

    <update id="upadtePwdErrCnt" parameterType="String">
        /* [LoginMapper][upadtePwdErrCnt] 패스워드 에러 횟수 업데이트 */
        UPDATE TB_SYST_USER
        SET
            PWD_ERR_CNT = PWD_ERR_CNT + 1
        WHERE 1=1
        AND USER_ID = #{userId}    
    </update>

    <select id="selectMenu" parameterType="String" resultType="com.oy.wms.login.vo.MenuVO">
        /* [LoginMapper][selectMenu] 메뉴정보 조회 */
        WITH MENU AS (
            SELECT
                MENU_CD, 
                MENU_NM, 
                UPPER_MENU_CD, 
                MENU_URL,
                LTRIM (SYS_CONNECT_BY_PATH( (CASE WHEN level = 1 THEN MAIN_MENU_SORT_ORDR ELSE SUB_MENU_SORT_ORDR END), '-'), '-') AS ORDR_PATH,
                LTRIM (SYS_CONNECT_BY_PATH(MENU_NM, ' > '),' > ') AS MENU_PATH ,
                level - 1 AS MENU_LVL
            FROM TB_SYST_MENU
            START WITH UPPER_MENU_CD IS NULL
            CONNECT BY PRIOR  MENU_CD = UPPER_MENU_CD
        ),
        AUTH_MENU AS (
            SELECT 
                 /*+ INLINE */
                 MENU_CD
                ,MENU_YN
                ,SRCH_BTN_YN
                ,SAVE_BTN_YN
                ,DEL_BTN_YN
                ,PRINT_BTN_YN
                ,XLS_DOWN_BTN_YN
            FROM TB_SYST_BTN_AUTH X, TB_SYST_AUTH_USER Y
           WHERE X.AUTH_CD = Y.AUTH_CD 
             AND Y.USER_ID = #{userId}
        )
        SELECT 
             A.MENU_CD AS MENU_ID
            ,A.MENU_NM
            ,A.UPPER_MENU_CD AS UP_MENU_ID
            ,A.MENU_LVL
            ,A.MENU_PATH
            ,A.MENU_URL AS PGM_URL
            ,DECODE(B.MENU_YN,'Y','1','0') AS VISIBLE_YN
            ,DECODE(B.SRCH_BTN_YN,'Y','1','0') AS SEARCH_AUTH_YN
            ,DECODE(B.SAVE_BTN_YN,'Y','1','0') AS SAVE_AUTH_YN
            ,DECODE(B.DEL_BTN_YN,'Y','1','0') AS DELETE_AUTH_YN
            ,DECODE(B.PRINT_BTN_YN,'Y','1','0') AS PRNT_AUTH_YN
            ,DECODE(B.XLS_DOWN_BTN_YN,'Y','1','0') AS EXCEL_AUTH_YN
            ,'0' AS MAX_AUTH_YN
            ,'0' AS FAVO_YN
        FROM MENU A,
        (
            SELECT 
                 MENU_CD
                ,NULL AS MENU_YN
                ,NULL AS SRCH_BTN_YN
                ,NULL AS SAVE_BTN_YN
                ,NULL AS DEL_BTN_YN
                ,NULL AS PRINT_BTN_YN
                ,NULL AS XLS_DOWN_BTN_YN
            FROM TB_SYST_MENU M
            WHERE NOT EXISTS ( SELECT MENU_CD FROM AUTH_MENU WHERE MENU_CD = M.MENU_CD ) 
            UNION ALL
            SELECT 
                 MENU_CD
                ,MENU_YN
                ,SRCH_BTN_YN
                ,SAVE_BTN_YN
                ,DEL_BTN_YN
                ,PRINT_BTN_YN
                ,XLS_DOWN_BTN_YN
            FROM AUTH_MENU              
        ) B
        WHERE  A.MENU_CD = B.MENU_CD
        ORDER BY ORDR_PATH
    </select>

    <select id="selectCode" resultType="com.oy.wms.login.vo.CodeVO">
        /* [LoginMapper][selectCode] 코드정보 조회 */
        SELECT  
             GROUP_CD, GROUP_NM, CODE_CD, CODE_NM
            ,REF1 ,REF2 ,REF3 ,REF4 ,REF5 ,REF6 ,REF7 ,REF8, REF9 ,REF10
            ,USE_YN ,MLNG_YN
        FROM (
            SELECT
                 '_LANG_CD_' AS GROUP_CD
                ,'국가코드' AS GROUP_NM
                ,LANG_CD AS CODE_CD
                ,LANG_NM AS CODE_NM
                ,'' AS REF1
                ,'' AS REF2
                ,'' AS REF3
                ,'' AS REF4
                ,'' AS REF5
                ,'' AS REF6
                ,'' AS REF7
                ,'' AS REF8
                ,'' AS REF9
                ,'' AS REF10
                ,DEL_YN AS USE_YN
                ,'' AS MLNG_YN
                ,0 AS SORT_ORDR
            FROM TB_SYST_LANG_CD
            UNION ALL
            SELECT
                 A.STD_CD AS GROUP_CD
                ,A.STD_CD_NM AS GROUP_NM
                ,B.STD_DTL_CD AS CODE_CD
                ,B.STD_DTL_CD_NM AS CODE_NM
                ,B.ETC_VAL1 AS REF1
                ,B.ETC_VAL2 AS REF2
                ,B.ETC_VAL3 AS REF3
                ,B.ETC_VAL4 AS REF4
                ,B.ETC_VAL5 AS REF5
                ,B.ETC_VAL6 AS REF6
                ,B.ETC_VAL7 AS REF7
                ,B.ETC_VAL8 AS REF8
                ,B.ETC_VAL9 AS REF9
                ,B.ETC_VAL10 AS REF10
                ,DECODE(A.DEL_YN, 'Y', A.DEL_YN, 'N', B.DEL_YN) AS USE_YN
                ,A.MLNG_YN
                ,B.SORT_ORDR
            FROM TB_BAIM_CODE_M A
            INNER JOIN TB_BAIM_CODE_D B ON (A.STD_CD = B.STD_CD)
            ORDER BY SORT_ORDR 
        ) X     
    </select>

</mapper>