<?xml version="1.0" encoding="UTF-8"?>
<configuration debug="true">
    <include resource="org/springframework/boot/logging/logback/defaults.xml"/>
    <appender name="console" class="ch.qos.logback.core.ConsoleAppender">
        <encoder>
            <charset>UTF-8</charset>
            <pattern>[%d{yyyy-MM-dd HH:mm:ss:SSS}] %highlight([%-5level]) %magenta([%thread]) %cyan([%logger{5}\(%line\)]) - %msg%n%ex{3}</pattern>
        </encoder>
    </appender>

    <appender name="dailyRollingFile" class="ch.qos.logback.core.rolling.RollingFileAppender">
        <file>${LOG_PATH}/${LOG_FILE}</file>
        <encoder>
            <charset>UTF-8</charset>
            <pattern>%d{yyyy-MM-dd HH:mm:ss:SSS} %highlight(%-5level) %clr(${PID:- }) %clr([%15.15t]) %cyan(%-40.40logger{39}):%4L %cyan(%-25.25M) - %msg%n${LOG_EXCEPTION_CONVERSION_WORD:-%wEx}}</pattern>
        </encoder>
        <rollingPolicy class="ch.qos.logback.core.rolling.TimeBasedRollingPolicy">
            <!-- rollover daily -->
            <fileNamePattern>${LOG_PATH}/${LOG_FILE}.%d{yyyy-MM-dd}.%i.log</fileNamePattern>
            <timeBasedFileNamingAndTriggeringPolicy
                    class="ch.qos.logback.core.rolling.SizeAndTimeBasedFNATP">
                <!-- or whenever the file size reaches 100MB -->
                <maxFileSize>100MB</maxFileSize>
            </timeBasedFileNamingAndTriggeringPolicy>
        </rollingPolicy>
    </appender>

    <springProfile name="local">
        <logger name="jdbc" level="off"  additivity="false">
            <appender-ref ref="console" />
        </logger>
        <logger name="jdbc.sqlonly" level="off"  additivity="false">
            <appender-ref ref="console" />
        </logger>
        <logger name="jdbc.sqltiming" level="info" />
        <logger name="jdbc.audit" level="off" />
        <logger name="jdbc.resultset" level="off" />
        <logger name="jdbc.connection" level="off" />
        <logger name="jdbc.resultsettable" level="debug"  additivity="false">
            <appender-ref ref="console" />
        </logger>

        <logger name="com.oy.OliveWMSApp" level="info" additivity="false">
            <appender-ref ref="console" />
        </logger>

        <logger name="com.oy.config.aop" level="debug" additivity="false">
            <appender-ref ref="console" />
        </logger>

        <logger name="org.springframework.web" level="info" additivity="false">
            <appender-ref ref="console" />
        </logger>

        <logger name="org.springframework.transaction" level="info"  additivity="false">
            <appender-ref ref="console" />
        </logger>

        <logger name="org.springframework.jdbc.datasource" level="info"  additivity="false">
            <appender-ref ref="console" />
        </logger>

        <logger name="org.springframework.web.multipart" level="error"  additivity="false">
            <appender-ref ref="console" />
        </logger>

        <logger name="com.zaxxer.hikari" level="info"  additivity="false">
            <appender-ref ref="console" />
        </logger>

        <logger name="com.nexacro.java.xapi.license" level="error"  additivity="false">
            <appender-ref ref="console" />
        </logger>

        <logger name="com.nexacro.java.xapi.tx.PlatformRequest" level="error"  additivity="false">
            <appender-ref ref="console" />
        </logger>

        <logger name="com.nexacro.java.xapi.tx.PlatformResponse" level="error"  additivity="false">
            <appender-ref ref="console" />
        </logger>

        <root level="error">
            <appender-ref ref="console" />
        </root>
    </springProfile>

    <springProfile name="dev">
        <logger name="jdbc" level="off"  additivity="false">
            <appender-ref ref="console" />
        </logger>
        <logger name="jdbc.sqlonly" level="off"  additivity="false">
            <appender-ref ref="console" />
        </logger>
        <logger name="jdbc.sqltiming" level="info" />
        <logger name="jdbc.audit" level="off" />
        <logger name="jdbc.resultset" level="off" />
        <logger name="jdbc.connection" level="off" />
        <logger name="jdbc.resultsettable" level="debug"  additivity="false">
            <appender-ref ref="console" />
        </logger>

        <logger name="com.oy.OliveWMSApp" level="info" additivity="false">
            <appender-ref ref="console" />
        </logger>

        <logger name="com.oy.config.aop" level="debug" additivity="false">
            <appender-ref ref="console" />
        </logger>

        <logger name="org.springframework.web" level="info" additivity="false">
            <appender-ref ref="console" />
        </logger>

        <logger name="org.springframework.transaction" level="info"  additivity="false">
            <appender-ref ref="console" />
        </logger>

        <logger name="org.springframework.jdbc.datasource" level="info"  additivity="false">
            <appender-ref ref="console" />
        </logger>

        <logger name="org.springframework.web.multipart" level="error"  additivity="false">
            <appender-ref ref="console" />
        </logger>

        <logger name="com.zaxxer.hikari" level="info"  additivity="false">
            <appender-ref ref="console" />
        </logger>

        <logger name="com.nexacro.java.xapi.license" level="error"  additivity="false">
            <appender-ref ref="console" />
        </logger>

        <logger name="com.nexacro.java.xapi.tx.PlatformRequest" level="error"  additivity="false">
            <appender-ref ref="console" />
        </logger>

        <logger name="com.nexacro.java.xapi.tx.PlatformResponse" level="error"  additivity="false">
            <appender-ref ref="console" />
        </logger>

        <root level="error">
            <appender-ref ref="console" />
        </root>
    </springProfile>

    <springProfile name="prod">
        <logger name="com.oy.OliveWMSApp" level="info" additivity="false">
            <appender-ref ref="console" />
        </logger>

        <root level="error">
            <appender-ref ref="console" />
        </root>
    </springProfile>
</configuration>