<?xml version="1.0" encoding="utf-8"?>
<license version="1.2">
	<product>
		<name>Nexacro&#32;N</name>
		<version>21</version>
		<function>Runtime,WebBrowser</function>
	</product>
	<customer>
		<name>TOBESOFT</name>
		<coreCount>0</coreCount>
		<ipAddress>0.0.0.0</ipAddress>
		<targetPlatform>Windows,WindowsRT,macOS,iOS,Android</targetPlatform>
	</customer>
	<date>
		<activation>2023-02-01</activation>
		<term unit="month">2</term>
	</date>
	<key>YUU1CAUYB2F1RRBR16GV68Q4H4SEPTPVX</key>
</license>
