<?xml version="1.0" encoding="UTF-8"?>
<!DOCTYPE mapper PUBLIC "-//mybatis.org//DTD Mapper 3.0//EN" "http://mybatis.org/dtd/mybatis-3-mapper.dtd">
<mapper namespace="com.oy.wms.syst.menu.SystMenuMapper">
	
	<select id="selectMenu" parameterType="com.oy.wms.syst.menu.SystMenuVO" resultType="com.oy.wms.syst.menu.SystMenuVO">
		/* [SystMenuMapper][selectMenu] 메뉴 조회 */
		SELECT
		     MENU_CD
		    ,REGEXP_REPLACE(MENU_CD, '[0-9]') WORK_SCOPE
		    ,UPPER_MENU_CD
		    ,REF_MENU_CD
		    ,MENU_NM
		    ,MENU_TYPE_CD
		    ,MENU_URL
		    ,MENU_DSCR
		    ,MENU_IMG_PATH
		    ,MAIN_MENU_SORT_ORDR
		    ,SUB_MENU_SORT_ORDR
		    ,POPUP_YN
		    ,DEL_YN
		    ,REG_USER_ID
		    ,REG_DTIME
		    ,MODI_USER_ID
		    ,MODI_DTIME
		    ,'0' AS CHK
		FROM TB_SYST_MENU
		<where>
			<if test='menuCd != null and menuCd !=""'>
			AND UPPER_MENU_CD = #{menuCd}
			</if>
			<if test='menuTypeCd != null and menuTypeCd !=""'>
			AND MENU_TYPE_CD = #{menuTypeCd}
			</if>
			<if test='workScope != null and workScope !=""'>
			AND REGEXP_REPLACE(MENU_CD, '[0-9]') = #{workScope}
			</if>
			<if test='delYn != null and delYn !=""'>
			AND DEL_YN = #{delYn}
			</if>
			<if test='menuNm != null and menuNm !=""'>
			AND MENU_NM LIKE '%'||#{menuNm}||'%'
			</if>
		</where>
		ORDER BY MAIN_MENU_SORT_ORDR, SUB_MENU_SORT_ORDR
	</select>

	<insert id="insertMenu" parameterType="com.oy.wms.syst.menu.SystMenuVO">
		/* [SystMenuMapper][insertMenu] 메뉴 등록 */
		INSERT INTO TB_SYST_MENU (
		     MENU_CD
		    ,UPPER_MENU_CD
		    ,REF_MENU_CD
		    ,MENU_NM
		    ,MENU_TYPE_CD
		    ,MENU_URL
		    ,MENU_DSCR
		    ,MENU_IMG_PATH
		    ,MAIN_MENU_SORT_ORDR
		    ,SUB_MENU_SORT_ORDR
		    ,POPUP_YN
		    ,DEL_YN
		    ,REG_USER_ID
		    ,MODI_USER_ID
		) VALUES (
		     #{menuCd}
		    ,#{upperMenuCd}
		    ,#{refMenuCd}
		    ,#{menuNm}
		    ,#{menuTypeCd}
		    ,#{menuUrl}
		    ,#{menuDscr}
		    ,#{menuImgPath}
		    ,#{mainMenuSortOrdr}
		    ,#{subMenuSortOrdr}
		    ,#{popupYn}
		    ,'N'
		    ,#{regUserId}
		    ,#{regUserId}
		)
	</insert>		
	
	<update id="updateMenu" parameterType="com.oy.wms.syst.menu.SystMenuVO">
		/* [SystMenuMapper][updateMenu] 메뉴 수정 */
		UPDATE TB_SYST_MENU
		SET 
		     UPPER_MENU_CD = #{upperMenuCd}
		    ,REF_MENU_CD = #{refMenuCd}
		    ,MENU_NM = #{menuNm}
		    ,MENU_TYPE_CD = #{menuTypeCd}
		    ,MENU_URL = #{menuUrl}
		    ,MENU_DSCR = #{menuDscr}
		    ,MENU_IMG_PATH = #{menuImgPath}
		    ,MAIN_MENU_SORT_ORDR = #{mainMenuSortOrdr}
		    ,SUB_MENU_SORT_ORDR = #{subMenuSortOrdr}
		    ,POPUP_YN = #{popupYn}
		    ,MODI_USER_ID = #{modiUserId}
		    ,MODI_DTIME = current_timestamp 
		WHERE MENU_CD = #{menuCd}
	</update>	
		
	<update id="deleteMenu" parameterType="com.oy.wms.syst.menu.SystMenuVO">
		/* [sql-SystMenuMapper][deleteMenu] 메뉴 삭제 */
		UPDATE TB_SYST_MENU
		SET DEL_YN = 'Y'
		     , MODI_USER_ID = #{modiUserId}
		     ,MODI_DTIME = current_timestamp
        WHERE MENU_CD = #{menuCd}
	</update>	

	<select id="checkDupMenu" parameterType="com.oy.wms.syst.menu.SystMenuVO" resultType="boolean">
		/* [SystMenuMapper][checkDupMenu] 분류전략 중복 조회 */
		SELECT 
		   (CASE WHEN EXISTS( 
					SELECT
						REG_USER_ID
					FROM TB_SYST_MENU
					WHERE MENU_CD = #{menuCd}
			   ) THEN 1 ELSE 0 END) AS IS_DUP
		FROM DUAL    
	</select>
</mapper>