<?xml version="1.0" encoding="UTF-8"?>
<!DOCTYPE mapper PUBLIC "-//mybatis.org//DTD Mapper 3.0//EN" "http://mybatis.org/dtd/mybatis-3-mapper.dtd">
<mapper namespace="com.oy.wms.syst.noti.SystNotiMapper">
	
	<select id="selectNoti" parameterType="com.oy.wms.syst.noti.SystNotiVO" resultType="com.oy.wms.syst.noti.SystNotiVO">
		/* 공지사항 조회 */
		SELECT
			'0' AS CHK
			,NOTI_SEQ
			,TITLE
			,NOTI_CONT
			,POST_START_YMD
			,POST_END_YMD
			,ATCH_FILE_NO
			,POPUP_YN
			,NOTC_TRGT_CUST_ID
			,DEL_YN
			,REG_USER_ID
			,TO_CHAR(REG_DTIME,'yyyy-mm-dd') AS REG_DTIME
			,MODI_USER_ID
			,MODI_DTIME
		FROM TB_SYST_NOTI
		WHERE DEL_YN = 'N'
		<if test='notiSeq != null and notiSeq !=""'>   
		AND NOTI_SEQ = #{notiSeq}
		</if>
		<if test='postStartYmd != null and postStartYmd !=""'>
		AND POST_START_YMD &gt;= #{postStartYmd}
		</if>
		<if test='postEndYmd != null and postEndYmd !=""'>
		AND POST_END_YMD &lt;= #{postEndYmd}
		</if>
		<if test='title != null and title !=""'>
		AND TITLE LIKE '%'||#{title}||'%'
		</if>
	</select>
	
	<insert id="insertNoti" parameterType="com.oy.wms.syst.noti.SystNotiVO">
		/* 공지사항 등록 */
		INSERT INTO TB_SYST_NOTI (
			 NOTI_SEQ
			,TITLE
			,NOTI_CONT
			,POST_START_YMD
			,POST_END_YMD
			,ATCH_FILE_NO
			,POPUP_YN
			,NOTC_TRGT_CUST_ID
			,DEL_YN
			,REG_USER_ID
			,REG_DTIME
			,MODI_USER_ID
			,MODI_DTIME
		) VALUES (
			 #{notiSeq}
			,#{title}
			,#{notiCont}
			,#{postStartYmd}
			,#{postEndYmd}
			,#{atchFileNo}
			,#{popupYn}
			,#{notcTrgtCustId}
			,'N'
			,#{regUserId}
			,current_timestamp 
			,#{modiUserId}
			,current_timestamp 
		)

	</insert>		
	
	<update id="updateNoti" parameterType="com.oy.wms.syst.noti.SystNotiVO">
		/* 공지사항 수정 */
		UPDATE TB_SYST_NOTI
		SET 
			TITLE = #{title}
			,NOTI_CONT = #{notiCont}
			,POST_START_YMD = #{postStartYmd}
			,POST_END_YMD = #{postEndYmd}
			,ATCH_FILE_NO = #{atchFileNo}
			,POPUP_YN = #{popupYn}
			,NOTC_TRGT_CUST_ID = #{notcTrgtCustId}
			,MODI_USER_ID = #{modiUserId}
			,MODI_DTIME = current_timestamp
		WHERE 1=1  
		AND NOTI_SEQ = #{notiSeq}
	</update>	
		
	<update id="deleteNoti" parameterType="com.oy.wms.syst.noti.SystNotiVO">
		/* 공지사항 삭제 */
		UPDATE TB_SYST_NOTI
		SET 
			DEL_YN = 'Y',	
			MODI_USER_ID = #{modiUserId}	      
		    ,MODI_DTIME = current_timestamp
        WHERE 1=1
		AND NOTI_SEQ = #{notiSeq}
	</update>	

</mapper>