<?xml version="1.0" encoding="UTF-8"?>
<!DOCTYPE mapper PUBLIC "-//mybatis.org//DTD Mapper 3.0//EN" "http://mybatis.org/dtd/mybatis-3-mapper.dtd">
<mapper namespace="com.oy.wms.syst.user.SystUserMapper">

	<select id="selectUser" parameterType="com.oy.wms.syst.user.vo.SystUserVO" resultType="com.oy.wms.syst.user.vo.SystUserVO">
		/* [SystUserMapper][selectUser] 사용자 조회 */
		SELECT
			 0 AS CHK
		    ,SU.USER_ID
		    ,SU.USER_NM
		    ,SU.PWD
		    ,SU.CMPNY_TEL_NO1
		    ,SU.CMPNY_TEL_NO2
		    ,SU.CMPNY_TEL_NO3
		    ,SU.CMPNY_TEL_NO1 || SU.CMPNY_TEL_NO2 ||  SU.CMPNY_TEL_NO3 AS CMPNY_TEL_NO
		    ,SU.HP_NO1
		    ,SU.HP_NO2
		    ,SU.HP_NO3
		    ,SU.HP_NO1 || SU.HP_NO2 || SU.HP_NO3 AS HP_NO
		    ,SU.HOME_TEL_NO1
		    ,SU.HOME_TEL_NO2
		    ,SU.HOME_TEL_NO3
		    ,SU.HOME_TEL_NO1 || SU.HOME_TEL_NO2 || SU.HOME_TEL_NO3 AS HOME_TEL_NO
		    ,SU.EMAIL_ADDR1
		    ,SU.EMAIL_ADDR2
		    ,SU.LANG_DIV_CD
		    ,SU.CNTRY_CD
		    ,SU.EMPY_YMD
		    ,SU.RTRM_YMD
		    ,SU.RQST_YMD
		    ,SU.APRV_YMD
		    ,SU.RJCT_YMD
		    ,SU.EXPRY_YMD
		    ,SU.USER_TYPE_CD
		    ,SU.BLNG_DIV_CD
		    ,SU.CUST_ID
		    ,'' AS  CUST_NM
		    ,SU.VNDR_ID
		    ,(SELECT CUST_BP_DSCR FROM TB_BAIM_CUST_BP WHERE VNDR_ID = SU.VNDR_ID) AS VNDR_NM
		    ,SU.DEPT_CD
		    ,SU.COCN_YN
		    ,SU.DRM_ADAPT_YN
		    ,SU.TZ_CD
		    ,SU.RQST_RSN
		    ,SU.USE_YN
		    ,SU.DEL_YN
		    ,SU.TEMP_PWD_MODI_YN
		    ,SU.CONN_DIV_CD
		    ,SU.PWD_ERR_CNT
		    ,SU.PWD_FINAL_MODI_DTIME
		    ,SU.ZIP_NO
		    ,SU.ADDR
		    ,SU.DTL_ADDR
		    ,SU.SKK
		    ,SU.SIDO
		    ,SU.USER_WORK_DIV_CD
		    ,SU.SYS_DIV_CD
		    ,SU.EQM_DIV_CD
		    ,SU.REG_USER_ID
		    ,SU.REG_DTIME
		    ,SU.MODI_USER_ID
		    ,SU.MODI_DTIME
		FROM TB_SYST_USER SU
	    WHERE 1=1
	    <if test='delYn != null and delYn !=""'>
	    	AND SU.DEL_YN = #{delYn}
	    </if> 
		<if test='userId != null and userId !=""'>
	    	AND SU.USER_ID = #{userId}
	    </if> 
		<if test='userNm != null and userNm !=""'>
		    AND SU.USER_NM LIKE '%'||#{userNm}||'%'
		</if>
		<if test='userTypeCd != null and userTypeCd !=""'>
		    AND SU.USER_TYPE_CD = #{userTypeCd}
		</if>				   
	</select>	
	
	<select id="chkDupUser" parameterType="String" resultType="int">
		/* [SystUserMapper][chkDupUser] 사용자 중복 여부 */
		SELECT COUNT(USER_ID)
		FROM TB_SYST_USER
		WHERE DEL_YN = 'N'
		AND USER_ID = #{userId}
	</select>
	
	<insert id="mergeUser" parameterType="com.oy.wms.syst.user.vo.SystUserVO">
		/* [SystUserMapper][mergeUser] 사용자 등록 */
		MERGE INTO TB_SYST_USER U
		USING (
			SELECT 
			      #{userId} AS USER_ID
				 ,#{userNm} AS USER_NM 
				 ,#{regUserId} AS REG_USER_ID
				 ,#{pwd} AS PWD
			FROM DUAL
        ) R
		ON ( U.USER_ID = R.USER_ID)
		WHEN MATCHED THEN
		UPDATE SET
			 PWD     = R.PWD		  	
		    ,USER_NM = R.USER_NM
		    ,CMPNY_TEL_NO1  = #{cmpnyTelNo1}
		    ,CMPNY_TEL_NO2 = #{cmpnyTelNo2}
		    ,CMPNY_TEL_NO3 = #{cmpnyTelNo3}
		    ,HP_NO1 = #{hpNo1}
		    ,HP_NO2 = #{hpNo2}
		    ,HP_NO3 = #{hpNo3}
		    ,HOME_TEL_NO1 = #{homeTelNo1}
		    ,HOME_TEL_NO2 = #{homeTelNo2}
		    ,HOME_TEL_NO3 = #{homeTelNo3}
		    ,EMAIL_ADDR1 = #{emailAddr1}
		    ,EMAIL_ADDR2 = #{emailAddr2}
		    ,LANG_DIV_CD = #{langDivCd}
		    ,CNTRY_CD = #{cntryCd}
		    ,EMPY_YMD = #{empyYmd}
		    ,RTRM_YMD = #{rtrmYmd}
		    ,RQST_YMD = #{rqstYmd}
		    ,APRV_YMD = #{aprvYmd}
		    ,RJCT_YMD = #{rjctYmd}
		    ,EXPRY_YMD = #{expryYmd}
		    ,USER_TYPE_CD = #{userTypeCd}
		    ,BLNG_DIV_CD = #{blngDivCd}
		    ,CUST_ID = #{custId}
		    ,VNDR_ID = #{vndrId}
		    ,DEPT_CD = #{deptCd}
		    ,COCN_YN = #{cocnYn}
		    ,DRM_ADAPT_YN = #{drmAdaptYn}
		    ,TZ_CD = #{tzCd}
		    ,RQST_RSN = #{rqstRsn}
		    ,USE_YN = #{useYn}
		    ,TEMP_PWD_MODI_YN = #{tempPwdModiYn}
		    ,CONN_DIV_CD = #{connDivCd}
		    ,ZIP_NO = #{zipNo}
		    ,ADDR = #{addr}
		    ,DTL_ADDR = #{dtlAddr}
		    ,SKK = #{skk}
		    ,SIDO = #{sido}
		    ,USER_WORK_DIV_CD = #{userWorkDivCd}
		    ,SYS_DIV_CD = #{sysDivCd}
		    ,EQM_DIV_CD = #{eqmDivCd}		
		    ,DEL_YN         = 'N'
		    ,REG_USER_ID    =  R.REG_USER_ID
            ,MODI_USER_ID   =  R.REG_USER_ID
            ,REG_DTIME     =  current_timestamp 
            ,MODI_DTIME     =  current_timestamp 		     
		WHEN NOT MATCHED THEN
		INSERT 
		(
		     USER_ID
		    ,USER_NM
		    ,PWD
		    ,CMPNY_TEL_NO1
		    ,CMPNY_TEL_NO2
		    ,CMPNY_TEL_NO3
		    ,HP_NO1
		    ,HP_NO2
		    ,HP_NO3
		    ,HOME_TEL_NO1
		    ,HOME_TEL_NO2
		    ,HOME_TEL_NO3
		    ,EMAIL_ADDR1
		    ,EMAIL_ADDR2
		    ,LANG_DIV_CD
		    ,CNTRY_CD
		    ,EMPY_YMD
		    ,RTRM_YMD
		    ,RQST_YMD
		    ,APRV_YMD
		    ,RJCT_YMD
		    ,EXPRY_YMD
		    ,USER_TYPE_CD
		    ,BLNG_DIV_CD
		    ,CUST_ID
		    ,VNDR_ID
		    ,DEPT_CD
		    ,COCN_YN
		    ,DRM_ADAPT_YN
		    ,TZ_CD
		    ,RQST_RSN
		    ,USE_YN
		    ,DEL_YN
		    ,TEMP_PWD_MODI_YN
		    ,CONN_DIV_CD
		    ,PWD_ERR_CNT
		    ,PWD_FINAL_MODI_DTIME
		    ,ZIP_NO
		    ,ADDR
		    ,DTL_ADDR
		    ,SKK
		    ,SIDO
		    ,USER_WORK_DIV_CD
		    ,SYS_DIV_CD
		    ,EQM_DIV_CD
		    ,REG_USER_ID
		    ,MODI_USER_ID
		) VALUES (
		     #{userId}
		    ,#{userNm}
		    ,#{pwd}
		    ,#{cmpnyTelNo1}
		    ,#{cmpnyTelNo2}
		    ,#{cmpnyTelNo3}
		    ,#{hpNo1}
		    ,#{hpNo2}
		    ,#{hpNo3}
		    ,#{homeTelNo1}
		    ,#{homeTelNo2}
		    ,#{homeTelNo3}
		    ,#{emailAddr1}
		    ,#{emailAddr2}
		    ,#{langDivCd}
		    ,#{cntryCd}
		    ,#{empyYmd}
		    ,#{rtrmYmd}
		    ,#{rqstYmd}
		    ,#{aprvYmd}
		    ,#{rjctYmd}
		    ,#{expryYmd}
		    ,#{userTypeCd}
		    ,#{blngDivCd}
		    ,#{custId}
		    ,#{vndrId}
		    ,#{deptCd}
		    ,#{cocnYn}
		    ,#{drmAdaptYn}
		    ,#{tzCd}
		    ,#{rqstRsn}
		    ,#{useYn}
		    ,'N'
		    ,#{tempPwdModiYn}
		    ,#{connDivCd}
		    ,0
		    ,null
		    ,#{zipNo}
		    ,#{addr}
		    ,#{dtlAddr}
		    ,#{skk}
		    ,#{sido}
		    ,#{userWorkDivCd}
		    ,#{sysDivCd}
		    ,#{eqmDivCd}
		    ,#{regUserId}
		    ,#{regUserId}
		)
	</insert>	
	
	<update id="updateUser" parameterType="com.oy.wms.syst.user.vo.SystUserVO">
		/* [SystUserMapper][updateUser] 사용자 수정 */
		UPDATE TB_SYST_USER
		SET 
		     USER_NM = #{userNm}
		    ,CMPNY_TEL_NO1 = #{cmpnyTelNo1}
		    ,CMPNY_TEL_NO2 = #{cmpnyTelNo2}
		    ,CMPNY_TEL_NO3 = #{cmpnyTelNo3}
		    ,HP_NO1 = #{hpNo1}
		    ,HP_NO2 = #{hpNo2}
		    ,HP_NO3 = #{hpNo3}
		    ,HOME_TEL_NO1 = #{homeTelNo1}
		    ,HOME_TEL_NO2 = #{homeTelNo2}
		    ,HOME_TEL_NO3 = #{homeTelNo3}
		    ,EMAIL_ADDR1 = #{emailAddr1}
		    ,EMAIL_ADDR2 = #{emailAddr2}
		    ,LANG_DIV_CD = #{langDivCd}
		    ,CNTRY_CD = #{cntryCd}
		    ,EMPY_YMD = #{empyYmd}
		    ,RTRM_YMD = #{rtrmYmd}
		    ,RQST_YMD = #{rqstYmd}
		    ,APRV_YMD = #{aprvYmd}
		    ,RJCT_YMD = #{rjctYmd}
		    ,EXPRY_YMD = #{expryYmd}
		    ,USER_TYPE_CD = #{userTypeCd}
		    ,BLNG_DIV_CD = #{blngDivCd}
		    ,CUST_ID = #{custId}
		    ,VNDR_ID = #{vndrId}
		    ,DEPT_CD = #{deptCd}
		    ,COCN_YN = #{cocnYn}
		    ,DRM_ADAPT_YN = #{drmAdaptYn}
		    ,TZ_CD = #{tzCd}
		    ,RQST_RSN = #{rqstRsn}
		    ,USE_YN = #{useYn}
		    ,TEMP_PWD_MODI_YN = #{tempPwdModiYn}
		    ,CONN_DIV_CD = #{connDivCd}
		    ,ZIP_NO = #{zipNo}
		    ,ADDR = #{addr}
		    ,DTL_ADDR = #{dtlAddr} 
		    ,SKK = #{skk}
		    ,SIDO = #{sido}
		    ,USER_WORK_DIV_CD = #{userWorkDivCd}
		    ,SYS_DIV_CD = #{sysDivCd}
		    ,EQM_DIV_CD = #{eqmDivCd}
		    ,MODI_USER_ID = #{modiUserId}
		    ,MODI_DTIME = current_timestamp
		WHERE DEL_YN = 'N'
        AND USER_ID = #{userId}
	</update>		
	
	<update id="deleteUser" parameterType="com.oy.wms.syst.user.vo.SystUserVO">
		/* [SystUserMapper][deleteUser] 사용자 삭제 */
		UPDATE TB_SYST_USER
		SET 
		        DEL_YN       = 'Y'
		      , MODI_USER_ID = #{modiUserId}
		      , MODI_DTIME   = current_timestamp
		WHERE 1=1
		  AND USER_ID = #{userId}
	</update>		
	
	<update id="updateUserPwReset" parameterType="com.oy.wms.syst.user.vo.SystUserVO">
		/* [SystUserMapper][updateUserPwReset] 사용자 비밀번호 초기화 */
		UPDATE TB_SYST_USER
		SET 
		      PWD = 'test',
		      PWD_LAST_CHNG_DTIME = current_timestamp,
		      MODI_USER_ID = #{modiUserId},
		      MODI_DTIME = current_timestamp
		WHERE 1=1
		AND USER_ID = #{userId}
	</update>	
	
    <insert id="mergeAuthUser" parameterType="com.oy.wms.syst.user.vo.SystUserAuthVO">
		/* [SystUserMapper][mergeAuthUser] 사용자 리스트 - 사용자 정보에서 권한을 추가 하였을 때 권한 유저 테이블에 정보 저장 */
		MERGE INTO TB_SYST_AUTH_USER A
        USING (
            SELECT 
                #{userId} AS USER_ID, 
                #{authCd} AS AUTH_CD,
                #{regUserId} AS MODI_USER_ID
            FROM DUAL
        ) B
		ON ( A.USER_ID = B.USER_ID AND A.AUTH_CD = B.AUTH_CD )
        WHEN MATCHED THEN
		  UPDATE SET 
		      DEL_YN = 'N'
		    , MODI_USER_ID = B.MODI_USER_ID
		    , MODI_DTIME = current_timestamp 
		WHEN NOT MATCHED THEN
		INSERT 
		(
		   USER_ID
		  ,AUTH_CD
		  ,DEL_YN
		  ,REG_USER_ID
		  ,MODI_USER_ID
		)
		VALUES
		(
		   B.USER_ID
		  ,B.AUTH_CD
		  ,'N'
		  ,B.MODI_USER_ID
		  ,B.MODI_USER_ID
		)
	</insert>		

	<insert id="insertPwResetHist" parameterType="com.oy.wms.syst.user.vo.SystUserAuthVO">
		/* [SystUserMapper][insertPwResetHist] 사용자 리스트 - 비밀번호 초기화 이력 */
		INSERT INTO TB_SYST_USER_PSWD_CHNG_H (
			 PWD_CHG_HIST_SEQ
			,USER_ID
			,PWD_MODI_DTIME
			,CHG_BF_PWD
			,REG_USER_ID
			,MODI_USER_ID
		) VALUES (
			 (SELECT NVL(MAX(PWD_CHG_HIST_SEQ), 0) + 1 FROM TB_SYST_USER_PSWD_CHNG_H)
			,#{userId}
			,current_timestamp
			,#{chgBfPwd}
			,#{regUserId}
			,#{regUserId}
		)
	</insert>

	<select id="selectUserDetailWare" parameterType="com.oy.wms.syst.user.vo.SystUserAuthVO" resultType="com.oy.wms.syst.user.vo.SystUserAuthVO">
		/* [SystUserMapper][selectUserDetailWare] 사용자 리스트 상세정보 - 창고목록 조회 */
		SELECT    
		       A.WH_CD,
		       A.WH_NM,
		       DECODE(C.AUTH_CD, NULL, '0', '1') AS CHK, 
		       B.AUTH_CD
		  FROM TB_BAIM_WARE A
		  LEFT OUTER JOIN TB_SYST_WARE_AUTH B ON ( A.WH_CD = B.WH_CD AND B.DEL_YN = 'N')
		  LEFT OUTER JOIN TB_SYST_AUTH_USER C ON ( B.AUTH_CD = C.AUTH_CD AND C.DEL_YN = 'N' AND C.USER_ID = #{userId})
		  WHERE 1=1		   
		  AND A.DEL_YN = 'N'
	</select>	
	
	<insert id="updateUserDetailWare" parameterType="com.oy.wms.syst.user.vo.SystUserAuthVO">
		/* [SystUserMapper][updateUserDetailWare] 사용자 리스트 상세정보 - 창고목록 저장 */
		MERGE INTO TB_SYST_AUTH_USER A
        USING (
            SELECT 
                #{userId} AS USER_ID, 
                #{authCd} AS AUTH_CD,
                #{regUserId} AS MODI_USER_ID
            FROM DUAL
        ) B
		ON ( A.USER_ID = B.USER_ID AND A.AUTH_CD = B.AUTH_CD )
        WHEN MATCHED THEN
		  UPDATE SET 
		      DEL_YN = #{DEL_YN}
		    , MODI_USER_ID = B.MODI_USER_ID
		    , MODI_DTIME = current_timestamp 
		WHEN NOT MATCHED THEN
		INSERT 
		(
		   USER_ID
		  ,AUTH_CD
		  ,DEL_YN
		  ,REG_USER_ID
		  ,MODI_USER_ID
		)
		VALUES
		(
		   B.USER_ID
		  ,B.AUTH_CD
		  ,'N'
		  ,B.MODI_USER_ID
		  ,B.MODI_USER_ID
		)
	</insert>		
	
	<select id="selectUserDetailAuth" parameterType="com.oy.wms.syst.user.vo.SystUserVO" resultType="com.oy.wms.syst.user.vo.SystUserAuthVO">
		/* [SystUserMapper][selectUserDetailAuth] 사용자 리스트 상세정보 - 권한목록 조회 */
		SELECT 
		       A.AUTH_CD,
		       A.AUTH_NM,
		       DECODE(B.USER_ID, NULL, 0, 1) AS CHK
		  FROM TB_SYST_AUTH_M A INNER JOIN TB_SYST_AUTH_USER B ON ( A.AUTH_CD = B.AUTH_CD AND B.DEL_YN = 'N' AND B.USER_ID = #{userId})
		  WHERE 1=1
		  AND A.DEL_YN = 'N'
	</select>	

	<select id="selectUserAuthPopup" parameterType="com.oy.wms.syst.user.vo.SystUserVO" resultType="com.oy.wms.syst.user.vo.SystUserAuthVO">
		/* [SystUserMapper][selectUserDetailAuth] 사용자 리스트 상세정보 - 권한목록 조회 */
		SELECT 
		       A.AUTH_CD,
		       A.AUTH_NM,
		       DECODE(B.USER_ID, NULL, 0, 1) AS CHK
		  FROM TB_SYST_AUTH_M A LEFT OUTER JOIN TB_SYST_AUTH_USER B ON ( A.AUTH_CD = B.AUTH_CD AND B.DEL_YN = 'N' AND B.USER_ID = #{userId})
		  WHERE 1=1
		  AND A.DEL_YN = 'N'
	</select>	
	
	<insert id="updateUserDetailAuth" parameterType="com.oy.wms.syst.user.vo.SystUserAuthVO">
		/* [SystUserMapper][updateUserDetailAuth] 사용자 리스트 상세정보 - 권한목록 저장 */
		MERGE INTO TB_SYST_AUTH_USER A
		USING (
		    SELECT 
		        #{userId} AS USER_ID, 
		        #{authCd} AS AUTH_CD,
		        #{regUserId} AS REG_USER_ID
		    FROM DUAL
		) B
		ON ( A.USER_ID = B.USER_ID AND A.AUTH_CD = B.AUTH_CD )
		WHEN MATCHED THEN
			UPDATE SET 
			      DEL_YN = 'N'
			    , AUTH_CD = B.AUTH_CD 
			    , MODI_USER_ID = B.REG_USER_ID
			    , MODI_DTIME   = current_timestamp 
		WHEN NOT MATCHED THEN
	        INSERT 
	        (
	           USER_ID
	          ,AUTH_CD
	          ,DEL_YN
	          ,REG_USER_ID
	          ,MODI_USER_ID
	        )
	        VALUES
	        (
	           B.USER_ID
	          ,B.AUTH_CD
	          ,'N'
	          ,B.REG_USER_ID
	          ,B.REG_USER_ID
	        )
	</insert>	
	
	<select id="selectUserDetailCust" parameterType="com.oy.wms.syst.user.vo.SystUserAuthVO" resultType="com.oy.wms.syst.user.vo.SystUserAuthVO">
		/* [SystUserMapper][selectUserDetailCust] 사용자 리스트 상세정보 - 고객목록 조회 */
		SELECT 
		       A.CUST_ID,
		       A.CUST_NM,
		       DECODE(USER_ID, NULL, 0, 1) AS CHK
		  FROM TB_BAIM_CUST A
		  LEFT OUTER JOIN TB_SYST_CUST_USER B ON ( A.CUST_ID = B.CUST_ID AND B.DEL_YN = 'N' AND B.USER_ID = #{userId} )
		  WHERE 1=1
		  AND A.DEL_YN = 'N'
	</select>	
	
	<insert id="updateUserDetailCust" parameterType="com.oy.wms.syst.user.vo.SystUserAuthVO">
		/* [SystUserMapper][updateUserDetailCust] 사용자 리스트 상세정보 - 고객목록 저장 */
		MERGE INTO TB_SYST_CUST_USER A
		USING (
			SELECT 
			    #{userId} AS USER_ID, 
			    #{custId} AS CUST_ID,
			    #{regUserId} AS MODI_USER_ID
			FROM DUAL
		) B
		ON ( A.USER_ID = B.USER_ID  AND A.CUST_ID = B.CUST_ID )
		WHEN MATCHED THEN
		  UPDATE SET 
                  DEL_YN = #{DEL_YN}
                , MODI_USER_ID = B.MODI_USER_ID
                , MODI_DTIME = current_timestamp 
		WHEN NOT MATCHED THEN
            INSERT 
            (
               USER_ID
              ,CUST_ID
              ,DEL_YN
              ,REG_USER_ID
              ,MODI_USER_ID
            )
            VALUES
            (
               B.USER_ID
              ,B.CUST_ID
              ,'N'
              ,B.MODI_USER_ID
              ,B.MODI_USER_ID
            )
	</insert>		
		
	<select id="selectConnetInfo" parameterType="com.oy.wms.syst.user.vo.SysUserConnHVO" resultType="com.oy.wms.syst.user.vo.SysUserConnHVO">
		/* [SystUserMapper][selectConnetInfo] 사용자접속 조회 */
		SELECT    
		       U.USER_ID
		     , U.USER_NM
		     , I.CONN_IP_ADDR
		     , I.CONN_DIV_CD
		     , I.LOG_CONT
		     , TO_CHAR(I.MODI_DTIME) AS LAST_LOGIN_DATE
		     , NVL(I.ADMIN_YN, 'N') AS ADMIN_YN 
		FROM TB_SYST_USER_CONN_H I 
		INNER JOIN TB_SYST_USER U ON I.USER_ID = U.USER_ID
		WHERE 1=1
		AND U.USER_ID = #{userId}
	</select>

	
	<update id="updateConnetInfo" parameterType="com.oy.wms.syst.user.vo.SysUserConnHVO">
		/* [SystUserMapper][updateConnetInfo] 사용자접속 저장 - 로그인시*/
		MERGE INTO TB_SYST_USER_CONN_H U
		USING (
			SELECT 
			      #{userId} AS USER_ID
			     ,#{connIpAddr} AS CONN_IP_ADDR
			     ,#{connDivCd} AS CONN_DIV_CD
			     ,#{logCont} AS LOG_CONT
			FROM DUAL
        ) R
		ON ( U.USER_ID = R.USER_ID )
		WHEN MATCHED THEN
		UPDATE 
		   SET
		     MODI_DTIME    = current_timestamp 		     
		WHEN NOT MATCHED THEN
		INSERT (USER_ID, CONN_IP_ADDR, CONN_DIV_CD, LOG_CONT)
		VALUES (R.USER_ID, R.CONN_IP_ADDR, R.CONN_DIV_CD, R.LOG_CONT)
	</update>	
		
</mapper>