<?xml version="1.0" encoding="UTF-8"?>
<!DOCTYPE mapper PUBLIC "-//mybatis.org//DTD Mapper 3.0//EN" "http://mybatis.org/dtd/mybatis-3-mapper.dtd">
<mapper namespace="com.oy.wms.syst.auth.SystAuthMapper">

    <select id="selectAuth" parameterType="com.oy.wms.syst.auth.vo.SystAuthVO" resultType="com.oy.wms.syst.auth.vo.SystAuthVO">
        /* [SystAuthMapper][selectAuth] 권한 조회 */ 
		SELECT
			 0 AS CHK
		    ,AUTH_CD
		    ,AUTH_NM
		    ,AUTH_DSCR
		    ,DEL_YN
		    ,REG_USER_ID
		    ,REG_DTIME
		    ,MODI_USER_ID
		    ,MODI_DTIME
		FROM TB_SYST_AUTH_M
		WHERE 1=1
        <if test='authCd != null and authCd !=""'>
          AND AUTH_CD = #{authCd}
        </if>
        <if test='delYn != null and delYn !=""'>
          AND DEL_YN = #{delYn}
        </if>
        <if test='authNm != null and authNm !=""'>
          AND AUTH_NM LIKE '%'||#{authNm}||'%'
        </if>
        <if test='authDscr != null and authDscr !=""'>
          AND AUTH_DSCR LIKE '%'||#{authDscr}||'%'
        </if>        
        ORDER BY AUTH_CD DESC 		
    </select>
   
    <select id="checkDupAuthCd" parameterType="com.oy.wms.syst.auth.vo.SystAuthVO" resultType="boolean">
        /* [SystAuthMapper][checkDupAuthCd] 권한 코드 중복 조회 */
        SELECT 
           (CASE WHEN EXISTS( 
	                SELECT
	                    REG_USER_ID
	                FROM TB_SYST_AUTH_M
			        WHERE AUTH_CD       = #{authCd}
               ) THEN 1 ELSE 0 END) AS IS_DUP
        FROM DUAL    
    </select>   
    
    <insert id="insertAuth" parameterType="com.oy.wms.syst.auth.vo.SystAuthVO">
        /* [SystAuthMapper][insertAuth] 권한 등록 */
		INSERT INTO TB_SYST_AUTH_M 
		(
		     AUTH_CD
		    ,AUTH_NM
		    ,AUTH_DSCR
		    ,DEL_YN
		    ,REG_USER_ID
		    ,MODI_USER_ID
		) VALUES (
		     #{authCd}
		    ,#{authNm}
		    ,#{authDscr}
		    ,'N'
		    ,#{regUserId}
		    ,#{regUserId}
		)
    </insert>
    
    <update id="updateAuth" parameterType="com.oy.wms.syst.auth.vo.SystAuthVO">
        /* [SystAuthMapper][updateAuth] 권한 수정 */
		UPDATE TB_SYST_AUTH_M
		SET 
		      AUTH_NM      = #{authNm}
		    , AUTH_DSCR    = #{authDscr}
		    , DEL_YN       = #{delYn}
		    , MODI_USER_ID = #{modiUserId}
		    , MODI_DTIME   = current_timestamp
	   	WHERE AUTH_CD = #{authCd}
    </update>
    
    <update id="deleteAuth" parameterType="com.oy.wms.syst.auth.vo.SystAuthVO">
        /* [SystAuthMapper][deleteAuth] 권한 삭제 */
        UPDATE TB_SYST_AUTH_M
        SET 
              DEL_YN         = 'Y'
            , MODI_USER_ID   = #{modiUserId}
            , MODI_DTIME     = current_timestamp
        WHERE AUTH_CD        = #{authCd}
    </update>
 
	<select id="selectMenu" parameterType="String" resultType="com.oy.wms.syst.auth.vo.SystAuthMenuVO">
        /* [SystAuthMapper][selectMenu] 전체 메뉴 중 권한이 없는 메뉴 조회 */
		SELECT
			 0 AS CHK
			,SM.MENU_CD
			,SM.MENU_NM
			,SM.UPPER_MENU_CD
			,(SELECT MENU_NM FROM TB_SYST_MENU WHERE MENU_CD = SM.UPPER_MENU_CD ) AS UPPER_MENU_NM
			,SM.REF_MENU_CD	
			,SM.MENU_TYPE_CD
			,SM.MENU_URL
			,SM.MENU_DSCR
			,SM.MENU_IMG_PATH
			,SM.MAIN_MENU_SORT_ORDR
			,SM.SUB_MENU_SORT_ORDR
			,SM.POPUP_YN
			,SM.REG_USER_ID
			,SM.REG_DTIME
			,SM.MODI_USER_ID
			,SM.MODI_DTIME
			, '' AS AUTH_CD
		FROM TB_SYST_MENU SM
		WHERE SM.DEL_YN = 'N'
		AND SM.MENU_CD NOT IN (SELECT MENU_CD FROM TB_SYST_BTN_AUTH WHERE DEL_YN = 'N' AND AUTH_CD = #{authCd})
        START WITH SM.MENU_TYPE_CD   = 2
        CONNECT BY PRIOR SM.MENU_CD  = SM.UPPER_MENU_CD      
    </select>     
    
	<select id="selectMenuByAuth" parameterType="String" resultType="com.oy.wms.syst.auth.vo.SystAuthMenuVO">
        /* [SystAuthMapper][selectMenuByAuth] 권한이 있는 메뉴 조회 */
		SELECT
			 0 AS CHK
			,SM.MENU_CD
			,SM.MENU_NM
			,SM.UPPER_MENU_CD
			,(SELECT MENU_NM FROM TB_SYST_MENU WHERE MENU_CD = SM.UPPER_MENU_CD ) AS UPPER_MENU_NM
			,SM.REF_MENU_CD	
			,SM.MENU_TYPE_CD
			,SM.MENU_URL
			,SM.MENU_DSCR
			,SM.MENU_IMG_PATH
			,SM.MAIN_MENU_SORT_ORDR
			,SM.SUB_MENU_SORT_ORDR
			,SM.POPUP_YN
			,SM.REG_USER_ID
			,SM.REG_DTIME
			,SM.MODI_USER_ID
			,SM.MODI_DTIME
			, '' AS AUTH_CD
		FROM TB_SYST_MENU SM
		WHERE SM.DEL_YN = 'N'
		AND SM.MENU_CD IN (SELECT MENU_CD FROM TB_SYST_BTN_AUTH WHERE DEL_YN = 'N' AND AUTH_CD = #{authCd})
        START WITH SM.MENU_TYPE_CD   = 2
        CONNECT BY PRIOR SM.MENU_CD  = SM.UPPER_MENU_CD 
    </select>       
    
    <update id="mergeAuthMenuList" parameterType="com.oy.wms.syst.auth.vo.SystAuthMenuVO">
		/* [SystAuthMapper][mergeAuthMenuList] 권한별 메뉴 수정 */
		MERGE INTO TB_SYST_BTN_AUTH U
		USING (
			SELECT 
			      #{menuCd} AS MENU_CD
				 ,#{authCd} AS AUTH_CD 
				 ,#{regUserId} AS REG_USER_ID
			FROM DUAL
        ) R
		ON ( U.MENU_CD = R.MENU_CD AND U.AUTH_CD = R.AUTH_CD )
		WHEN MATCHED THEN
		UPDATE SET
		     DEL_YN         = 'N'
            ,MODI_USER_ID   =  R.REG_USER_ID
            ,MODI_DTIME     =  current_timestamp 		     
		WHEN NOT MATCHED THEN
		INSERT 
		(
			MENU_CD
		  , AUTH_CD
		  , DEL_YN
		  , REG_USER_ID
		  , MODI_USER_ID
		)
		VALUES 
		(
			R.MENU_CD
		  , R.AUTH_CD
		  , 'N'
		  , R.REG_USER_ID
		  , R.REG_USER_ID
		)
	</update> 
  
    <update id="deleteAuthMenuList" parameterType="com.oy.wms.syst.auth.vo.SystAuthMenuVO">
		/* [SystAuthMapper][deleteAuthMenuList] 권한별 메뉴 삭제 */
		UPDATE TB_SYST_BTN_AUTH
		SET 
			  DEL_YN          = 'Y'
			, SRCH_BTN_YN     = '0'
	        , NEW_BTN_YN      = '0'
	        , SAVE_BTN_YN     = '0'
	        , DEL_BTN_YN      = '0'
	        , PRINT_BTN_YN    = '0'
	        , XLS_DOWN_BTN_YN = '0' 
			, MODI_USER_ID    = #{modiUserId}
			, MODI_DTIME      = current_timestamp
		WHERE AUTH_CD	=	#{authCd}
		  AND MENU_CD	=	#{menuCd}
	</update>  
    
    <select id="selectAuthBtn" parameterType="com.oy.wms.syst.auth.vo.SystAuthBtnVO" resultType="com.oy.wms.syst.auth.vo.SystAuthBtnVO">
        /* [SystAuthMapper][selectAuthBtn] 권한별 기능버튼 조회 */
        SELECT 
               A.MENU_CD
              ,A.MENU_NM
              ,A.UPPER_MENU_CD
              ,(SELECT MENU_NM FROM TB_SYST_MENU WHERE MENU_CD = A.UPPER_MENU_CD ) AS UPPER_MENU_NM               
              ,A.MAIN_MENU_SORT_ORDR
              ,A.SUB_MENU_SORT_ORDR
              ,B.AUTH_CD
              ,NVL(B.SRCH_BTN_YN, '0') AS SRCH_BTN_YN
              ,NVL(B.NEW_BTN_YN, '0') AS NEW_BTN_YN
              ,NVL(B.SAVE_BTN_YN, '0') AS SAVE_BTN_YN
              ,NVL(B.DEL_BTN_YN, '0') AS DEL_BTN_YN
              ,NVL(B.PRINT_BTN_YN, '0') AS PRINT_BTN_YN
              ,NVL(B.XLS_DOWN_BTN_YN, '0') AS XLS_DOWN_BTN_YN
              ,0 AS ALL_CHK_YN
         FROM TB_SYST_MENU A
         INNER JOIN TB_SYST_BTN_AUTH B ON (A.MENU_CD = B.MENU_CD AND A.DEL_YN = 'N' AND B.DEL_YN = 'N')
         WHERE B.AUTH_CD = #{authCd}
    </select>  
    
    <update id="updateAuthBtn" parameterType="com.oy.wms.syst.auth.vo.SystAuthBtnVO">
        /* [SystAuthMapper][updateAuthBtn] 권한별 기능버튼 저장 */
        UPDATE TB_SYST_BTN_AUTH
        SET 
            SRCH_BTN_YN     = #{srchBtnYn}
          , NEW_BTN_YN      = #{newBtnYn}
          , SAVE_BTN_YN     = #{saveBtnYn}
          , DEL_BTN_YN      = #{delBtnYn}
          , PRINT_BTN_YN    = #{printBtnYn}
          , XLS_DOWN_BTN_YN = #{xlsDownBtnYn}
          , MODI_USER_ID    = #{modiUserId}
          , MODI_DTIME      = current_timestamp             
        WHERE AUTH_CD = #{authCd}
          AND MENU_CD = #{menuCd}
    </update>    
    
</mapper>