<?xml version="1.0" encoding="UTF-8"?>
<!DOCTYPE mapper PUBLIC "-//mybatis.org//DTD Mapper 3.0//EN" "http://mybatis.org/dtd/mybatis-3-mapper.dtd">
<mapper namespace="com.oy.wms.syst.mgmt.SystLangMapper">
	<select id="selectCommonMsg" parameterType="com.oy.wms.syst.mgmt.vo.SystMsgVO" resultType="String">
	/* [SystLangMapper][selectCommonMsg] 다국어공통메세지 조회*/
		SELECT
			MSG_NM
		FROM 
			TB_SYST_MSG
		WHERE 
		    MSG_CD 			= #{msgCd}
	        AND CNTRY_LANG_CD 	= #{cntryLangCd}
	</select>

	<select id="chkLangTermUpdate" parameterType="com.oy.wms.syst.mgmt.vo.SystTermVO" resultType="int">
	/* [SystLangMapper][chkLangTermUpdate] 다국어용어 조회*/
		SELECT COUNT(*)
		FROM TB_SYST_TERM
		<where>
			<if test='termCd != null and termCd !=""'>
			    AND TERM_CD =  #{termCd}
	        </if>
	        <if test='dtlTermCd != null and dtlTermCd !=""'>
	            AND DTL_TERM_CD = #{dtlTermCd}
	        </if>
	        <if test='termTypeCd != null and termTypeCd !=""'>
			    AND TERM_TYPE_CD =  #{termTypeCd}
	        </if>
	        <if test='cntryLangCd != null and cntryLangCd !=""'>
	            AND CNTRY_LANG_CD = #{cntryLangCd}
	        </if>
	    </where>
	</select>
	
	<select id="selectLangTerm" parameterType="com.oy.wms.syst.mgmt.vo.SystTermVO" resultType="com.oy.wms.syst.mgmt.vo.SystTermVO">
	/* [SystLangMapper][selectLangTerm] 다국어용어 조회*/
		SELECT
		     TERM_CD
		    ,DTL_TERM_CD
		    ,TERM_TYPE_CD
		    ,CNTRY_LANG_CD
		    ,SHORT_NM
		    ,TOT_NM
		    ,APRV_YN
		    ,PDA_YN
		    ,DEL_YN
		    ,REG_USER_ID
		    ,REG_DTIME
		    ,MODI_USER_ID
		    ,MODI_DTIME
		FROM TB_SYST_TERM
		<where>
			<if test='termCd != null and termCd !=""'>
			    AND TERM_CD LIKE #{termCd}||'%'
	        </if>
	        <if test='termTypeCd != null and termTypeCd !=""'>
	            AND TERM_TYPE_CD = #{termTypeCd}
	        </if>
	        <if test='totNm != null and totNm !=""'>
	            AND TOT_NM LIKE #{totNm}||'%'
	        </if>
	        <if test='pdaYn != null and pdaYn !=""'>
	            AND PDA_YN = #{pdaYn}
	        </if>
			<if test='delYn != null and delYn !=""'>
	            AND DEL_YN = #{delYn}
	        </if>
	    </where>
		ORDER BY REG_DTIME
	</select>
	
    <insert id="insertLangTerm" parameterType="com.oy.wms.syst.mgmt.vo.SystTermVO">
	/* [SystLangMapper][insertLangTerm] 다국어용어 등록*/
			INSERT INTO TB_SYST_TERM (
			     TERM_CD
			    ,DTL_TERM_CD
			    ,TERM_TYPE_CD
			    ,CNTRY_LANG_CD
			    ,SHORT_NM
			    ,TOT_NM
			    ,APRV_YN
			    ,PDA_YN
			    ,DEL_YN
			    ,REG_USER_ID
			    ,MODI_USER_ID
			) VALUES (
			     #{termCd}
			    ,#{dtlTermCd}
			    ,#{termTypeCd}
			    ,#{cntryLangCd}
			    ,#{shortNm}
			    ,#{totNm}
			    ,#{aprvYn}
			    ,#{pdaYn}
			    ,'N'
			    ,#{regUserId}
			    ,#{regUserId}
			)
    </insert>   	
	
	<update id="updateLangTerm" parameterType="com.oy.wms.syst.mgmt.vo.SystTermVO">
	/* [SystLangMapper][updateLangTerm] 다국어용어 수정*/
		UPDATE TB_SYST_TERM
		SET 
		     SHORT_NM = #{shortNm}
		    ,TOT_NM = #{totNm}
		    ,APRV_YN = #{aprvYn}
		    ,PDA_YN = #{pdaYn}
		    ,MODI_USER_ID = #{modiUserId}
		    ,MODI_DTIME = current_timestamp 
		WHERE 1=1
        AND TERM_CD = #{termCd}
        AND DTL_TERM_CD = #{dtlTermCd}
        AND TERM_TYPE_CD = #{termTypeCd}
        AND CNTRY_LANG_CD = #{cntryLangCd}
	</update>
	
	<delete id="deleteLangTerm" parameterType="com.oy.wms.syst.mgmt.vo.SystTermVO">
	/* [SystLangMapper][deleteLangTerm] 다국어용어 삭제*/
		UPDATE TB_SYST_TERM
		SET 
			 DEL_YN = 'Y'
			,MODI_USER_ID = #{modiUserId}
		   	,MODI_DTIME   = current_timestamp 
        WHERE 1=1
        AND TERM_CD = #{termCd}
        AND DTL_TERM_CD = #{dtlTermCd}
        AND TERM_TYPE_CD = #{termTypeCd}
	</delete>
	
	<select id="chkLangMsgUpdate" parameterType="com.oy.wms.syst.mgmt.vo.SystMsgVO" resultType="int">
	/* [SystLangMapper][chkLangMsgUpdate] 다국어용어 조회*/
		SELECT COUNT(*)
		FROM TB_SYST_MSG
		<where>
			<if test='msgCd != null and msgCd !=""'>
			    AND MSG_CD =  #{msgCd}
	        </if>
	        <if test='cntryLangCd != null and cntryLangCd !=""'>
	            AND CNTRY_LANG_CD = #{cntryLangCd}
	        </if>
	        <if test='msgTypeCd != null and msgTypeCd !=""'>
			    AND MSG_TYPE_CD =  #{msgTypeCd}
	        </if>
		</where>
	</select>
	
	<select id="selectLangMsg" parameterType="com.oy.wms.syst.mgmt.vo.SystMsgVO" resultType="com.oy.wms.syst.mgmt.vo.SystMsgVO">
	/* [SystLangMapper][selectLangMsg] 다국어메세지 조회*/
		SELECT
		     MSG_CD
		    ,CNTRY_LANG_CD
		    ,MSG_TYPE_CD
		    ,MSG_CONT
		    ,DEL_YN
		    ,REG_USER_ID
		    ,REG_DTIME
		    ,MODI_USER_ID
		    ,MODI_DTIME
		FROM TB_SYST_MSG
		<where>
			<if test='msgCd != null and msgCd !=""'>
			    AND MSG_CD 			= #{msgCd}
	        </if>
	        <if test='msgTypeCd != null and msgTypeCd !=""'>
			    AND MSG_TYPE_CD		= #{msgTypeCd}
	        </if>
	        <if test='msgCont != null and msgCont !=""'>
	            AND MSG_CD IN (SELECT MSG_CD FROM TB_SYST_MSG WHERE MSG_CONT LIKE '%'||#{msgCont}||'%')
	        </if>
	        <if test='delYn != null and delYn !=""'>
	            AND DEL_YN 	= #{delYn}
	        </if>
		</where>
		ORDER BY REG_DTIME
	</select>
	
    
    <insert id="insertLangMsg" parameterType="com.oy.wms.syst.mgmt.vo.SystMsgVO">
	/* [SystLangMapper][insertLangMsg] 다국어메세지 등록*/
        INSERT INTO TB_SYST_MSG (
             MSG_CD           /* 메세지코드 */
            ,CNTRY_LANG_CD    /* 국가언어코드 */
            ,MSG_TYPE_CD      /* 메시지유형코드 */
            ,MSG_CONT         /* 메시지내용 */
            ,DEL_YN           /* 삭제여부 */
            ,REG_USER_ID      /* 등록사용자ID */
            ,MODI_USER_ID     /* 수정사용자ID */
        ) VALUES (
             #{msgCd}
            ,#{cntryLangCd}
            ,#{msgTypeCd}
            ,#{msgCont}
            ,'N'
            ,#{regUserId}
            ,#{regUserId}
        )
    </insert>	
	
	<update id="updateLangMsg" parameterType="com.oy.wms.syst.mgmt.vo.SystMsgVO">
	/* [SystLangMapper][updateLangMsg] 다국어메세지 수정*/
		UPDATE TB_SYST_MSG 
           SET  
			    MSG_TYPE_CD = #{msgTypeCd}
			    ,MSG_CONT = #{msgCont}
			    ,MODI_USER_ID = #{modiUserId}
                ,MODI_DTIME = current_timestamp 
		WHERE 1=1
		AND MSG_CD 			= #{msgCd}
		AND CNTRY_LANG_CD 	= #{cntryLangCd}
	</update>
	
	<delete id="deleteLangMsg" parameterType="com.oy.wms.syst.mgmt.vo.SystMsgVO">
	/* [SystLangMapper][deleteLangMsg] 다국어메세지 삭제*/
		UPDATE TB_SYST_MSG
		SET 
			DEL_YN = 'Y'
           ,MODI_USER_ID = #{modiUserId}
           ,MODI_DTIME = current_timestamp 
		WHERE MSG_CD = #{msgCd}
	</delete>
	
	
	<select id="selectLangCode" parameterType="com.oy.wms.syst.mgmt.vo.SystLangVO" resultType="com.oy.wms.syst.mgmt.vo.SystLangVO">
	/* [SystLangMapper][selectLangCode] 언어코드 조회 */
		SELECT
			 LANG_CD        AS LANG_CD
			,LANG_NM        AS LANG_NM
			,LANG_DSCR      AS LANG_DSCR
			,DEL_YN         AS DEL_YN
			,REG_USER_ID    AS REG_USER_ID
			,MODI_USER_ID   AS MODI_USER_ID
			,'0'            AS CHK
			,TO_CHAR(REG_DTIME, 'yyyy-mm-dd')  AS REG_DTIME
			,TO_CHAR(MODI_DTIME, 'yyyy-mm-dd') AS MODI_DTIME
		FROM TB_SYST_LANG_CD
		<where>
			<if test="langCd != null and langCd != '' ">
			AND LANG_CD = #{langCd}
			</if>
			<if test="langNm != null and langNm != '' ">
			AND LANG_NM = #{langNm}
			</if>
			<if test="delYn != null and delYn != '' ">
			AND DEL_YN = #{delYn}
			</if>
		</where>
		ORDER BY REG_DTIME
	</select>
	
	<insert id="insertLangCode" parameterType="com.oy.wms.syst.mgmt.vo.SystLangVO">
		/* [SystLangMapper][insertLangCode] 언어코드	 등록 */
		INSERT INTO TB_SYST_LANG_CD (
			 LANG_CD
			,LANG_NM
			,LANG_DSCR
			,DEL_YN
			,REG_USER_ID
			,MODI_USER_ID
		) VALUES (
			 #{langCd}
			,#{langNm}
			,#{langDscr}
			,'N'
			,#{regUserId}
			,#{regUserId}
		)
	</insert>
	
	
	<update id="updateLangCode" parameterType="com.oy.wms.syst.mgmt.vo.SystLangVO">
		/* [SystLangMapper][updateLangCode] 언어코드	 수정 */
		UPDATE TB_SYST_LANG_CD
	    SET MODI_USER_ID = #{modiUserId}
		    ,MODI_DTIME = current_timestamp
		WHERE LANG_CD = #{langCd}
				AND LANG_NM = #{langNm}
				AND LANG_DSCR = #{langDscr}
	</update>
	
	
	<update id="deleteLangCode" parameterType="com.oy.wms.syst.mgmt.vo.SystLangVO">
		/* [SystLangMapper][deleteLangCode] 언어코드	 삭제 */
		UPDATE TB_SYST_LANG_CD
		   SET DEL_YN		= 'Y'
			   ,MODI_USER_ID = #{modiUserId}
			   ,MODI_DTIME = current_timestamp
		 WHERE LANG_CD = #{langCd}
				AND LANG_NM = #{langNm}
				AND LANG_DSCR = #{langDscr}
	</update>
	
	<select id="checkDupLangCode" parameterType="com.oy.wms.syst.mgmt.vo.SystLangVO" resultType="boolean">
		/* [SystLangMapper][checkDupLangCode] 언어코드 중복체크 */
		SELECT 
		   (CASE WHEN EXISTS( 
					SELECT
						REG_USER_ID
					FROM TB_SYST_LANG_CD
					WHERE LANG_CD = #{langCd}
						AND LANG_NM = #{langNm}
						AND LANG_DSCR = #{langDscr}
			   ) THEN 1 ELSE 0 END) AS IS_DUP
		FROM DUAL    
	</select>
</mapper>