<?xml version="1.0" encoding="UTF-8"?>
<!DOCTYPE mapper PUBLIC "-//mybatis.org//DTD Mapper 3.0//EN" "http://mybatis.org/dtd/mybatis-3-mapper.dtd">
<mapper namespace="com.oy.wms.syst.hist.SystHistMapper">
    
    <!-- 프로그램사용이력 조회 -->
    <select id="selectPrgmUseHist" parameterType="com.oy.wms.syst.hist.vo.PrgmUseHistVO" resultType="com.oy.wms.syst.hist.vo.PrgmUseHistVO">
        /* [SystHistMapper][selectPrgmUseHist] 프로그램사용이력 조회 */
		SELECT
		     PRGM_USE_HIST_SEQ
		    ,USER_ID
		    ,USER_NM
		    ,CONN_IP
		    ,CONN_TYPE_CD
		    ,CNTR_CD
		    ,WH_CD
		    ,MENU_CD
		    ,SRVC_NM
		    ,MTHD_NM
		    ,DEL_YN
		    ,REG_USER_ID
		    ,TO_CHAR(REG_DTIME,'yyyy-mm-dd hh24:mi:ss') AS REG_DTIME
		    ,MODI_USER_ID
		    ,TO_CHAR(MODI_DTIME,'yyyy-mm-dd hh24:mi:ss') AS MODI_DTIME    
		FROM TB_SYST_PROG_USE_H
		<where>   
		  <if test="userId != null and userId != ''">
		  AND USER_ID = #{userId}
		  </if>
          <if test="userNm != null and userNm != ''">
          AND USER_NM LIKE '%' || #{userNm} || '%'
          </if>		  
		</where>
		ORDER BY PRGM_USE_HIST_SEQ DESC
    </select>
    
    <!-- 프로그램사용이력 추가 -->
    <insert id="insertPrgmUseHist" parameterType="com.oy.wms.syst.hist.vo.PrgmUseHistVO">
        /* [SystHistMapper][insertPrgmUseHist] 프로그램사용이력 추가 */
		INSERT INTO TB_SYST_PROG_USE_H (
		     PRGM_USE_HIST_SEQ
		    ,USER_ID
		    ,USER_NM
		    ,CONN_IP
		    ,CONN_TYPE_CD
		    ,CNTR_CD
		    ,WH_CD
		    ,MENU_CD
		    ,SRVC_NM
		    ,MTHD_NM
		    ,DEL_YN
		    ,REG_USER_ID
		    ,MODI_USER_ID
		) VALUES (
		     SEQ_TB_SYST_PROG_USE_H.NEXTVAL
		    ,#{userId}
		    ,#{userNm}
		    ,#{connIp}
		    ,#{connTypeCd}
		    ,#{cntrCd}
		    ,#{whCd}
		    ,#{menuCd}
		    ,#{srvcNm}
		    ,#{mthdNm}
		    ,'N'
		    ,#{regUserId}
		    ,#{regUserId}
		)
    </insert>
    
    <!-- 프로그램오류이력 조회 -->
    <select id="selectPrgmErrHist" parameterType="com.oy.wms.syst.hist.vo.PrgmErrHistVO" resultType="com.oy.wms.syst.hist.vo.PrgmErrHistVO">
        /* [SystHistMapper][selectPrgmErrHist] 프로그램오류이력 조회 */
		SELECT
		     ERR_HIST_SEQ
		    ,ERR_CONT
		    ,TO_CHAR(OCCUR_DTIME,'yyyy-mm-dd hh24:mi:ss') AS OCCUR_DTIME 
		    ,CONN_IP_ADDR
		    ,SRVR_IP_ADDR
		    ,RQST_URL
		    ,DEL_YN
		    ,REG_USER_ID
            ,TO_CHAR(REG_DTIME,'yyyy-mm-dd hh24:mi:ss') AS REG_DTIME
            ,MODI_USER_ID
            ,TO_CHAR(MODI_DTIME,'yyyy-mm-dd hh24:mi:ss') AS MODI_DTIME
		FROM TB_SYST_PROG_ERR_H
		<where>
		  <if test="startOccurDtime != null and startOccurDtime != '' 
		          and endOccurDtime != null and endOccurDtime != ''">
		  AND OCCUR_DTIME BETWEEN TO_DATE(#{startOccurDtime} || ' 00:00:00' , 'yyyymmdd hh24:mi:ss')  
		                      AND TO_DATE(#{endOccurDtime}   || ' 23:59:59' , 'yyyymmdd hh24:mi:ss') 
		  </if>
		</where>
		ORDER BY ERR_HIST_SEQ DESC
    </select>
    
    <!-- 프로그램오류이력 추가 -->
    <insert id="insertPrgmErrHist" parameterType="com.oy.wms.syst.hist.vo.PrgmErrHistVO">
        /* [SystHistMapper][insertPrgmErrHist] 프로그램오류이력 추가 */
		INSERT INTO TB_SYST_PROG_ERR_H (
		     ERR_HIST_SEQ
		    ,ERR_CONT
		    ,OCCUR_DTIME
		    ,CONN_IP_ADDR
		    ,SRVR_IP_ADDR
		    ,RQST_URL
		    ,DEL_YN
		    ,REG_USER_ID
		    ,MODI_USER_ID
		) VALUES (
		     SEQ_TB_SYST_PROG_ERR_H.NEXTVAL
		    ,#{errCont}
		    ,current_timestamp
		    ,#{connIpAddr}
		    ,#{srvrIpAddr}
		    ,#{rqstUrl}
		    ,'N'
		    ,#{regUserId}
		    ,#{regUserId}
		)
    </insert>
    
    <!-- 로그인이력 조회 -->
    <select id="selectLoginHist"  parameterType="map" resultType="map">
    
    </select>

    <!-- 로그인이력 추가 -->
    <insert id="insertLoginHist" parameterType="map">
    
    </insert>
</mapper>