<?xml version="1.0" encoding="UTF-8"?>
<!DOCTYPE mapper PUBLIC "-//mybatis.org//DTD Mapper 3.0//EN" "http://mybatis.org/dtd/mybatis-3-mapper.dtd">
<mapper namespace="com.oy.wms.baim.strt.set.lotatr.BaimLotAttrChgStrtMapper">
	
	<!-- 로트속성변경전략설정 -->	
	<select id="selectLotPropertyChangeStrategy" parameterType="com.oy.wms.baim.strt.set.lotatr.BaimLotAttrChgStrtVO" resultType="com.oy.wms.baim.strt.set.lotatr.BaimLotAttrChgStrtVO">
		/* [BaimLotAttrChgStrtMapper][selectLotPropertyChangeStrategy] 로트속성변경전략 조회 */
		SELECT 	
		     A.CNTR_CD
		    ,A.WH_CD
		    ,B.WH_NM
		    ,A.LOT_ATTR_CHG_STRT_CD
		    ,A.WH_WHIB_YMD_USE_YN
		    ,A.PROD_YMD_USE_YN
		    ,A.VALID_DTIME_USE_YN
		    ,A.PROD_LOT_NO_USE_YN
		    ,A.MARK_DSCR_USE_YN
		    ,A.LOT_ATTR_1_USE_YN
		    ,A.LOT_ATTR_2_USE_YN
		    ,A.LOT_ATTR_3_USE_YN
		    ,A.LOT_ATTR_4_USE_YN
		    ,A.LOT_ATTR_5_USE_YN
		    ,A.LOT_ATTR_6_USE_YN
		    ,A.LOT_ATTR_7_USE_YN
		    ,A.LOT_ATTR_8_USE_YN
		    ,A.LOT_ATTR_9_USE_YN
		    ,A.LOT_ATTR_10_USE_YN
		    ,A.LOT_ATTR_CHG_STRT_DSCR
		    ,A.DEL_YN
		FROM TB_BAIM_LOT_ATTR_CHNG_STRT A
			,TB_BAIM_WARE B
		WHERE A.CNTR_CD = B.CNTR_CD
		AND A.WH_CD = B.WH_CD
		<if test='cntrCd != null and cntrCd !=""'>   
		AND A.CNTR_CD = #{cntrCd}
		</if>
		<if test='whCd != null and whCd !=""'>
		AND A.WH_CD = #{whCd}
		</if>
		<if test='lotAttrChgStrtCd != null and lotAttrChgStrtCd !=""'>
		AND A.LOT_ATTR_CHG_STRT_CD = #{lotAttrChgStrtCd}
		</if>
		<if test='lotAttrChgStrtDscr != null and lotAttrChgStrtDscr !=""'>
		AND A.LOT_ATTR_CHG_STRT_DSCR LIKE '%'||#{lotAttrChgStrtDscr}||'%'
		</if>
		<if test='delYn != null and delYn !=""'>
		AND A.DEL_YN = #{delYn}
		</if>
	  	ORDER BY A.CNTR_CD
	</select>
	
	
	<insert id="insertLotPropertyChangeStrategy" parameterType="com.oy.wms.baim.strt.set.lotatr.BaimLotAttrChgStrtVO">
		/* [BaimLotAttrChgStrtMapper][insertLotPropertyChangeStrategy] 로트속성변경전략 등록 */
		INSERT INTO TB_BAIM_LOT_ATTR_CHNG_STRT (
		     CNTR_CD                  /* 센터코드 */
		    ,WH_CD                    /* 창고코드 */
		    ,LOT_ATTR_CHG_STRT_CD     /* LOT속성변경전략코드 */
		    ,WH_WHIB_YMD_USE_YN       /* 창고입고일자사용여부 */
		    ,PROD_YMD_USE_YN          /* 생산일자사용여부 */
		    ,VALID_DTIME_USE_YN       /* 유효일시사용여부 */
		    ,PROD_LOT_NO_USE_YN       /* 생산LOT번호사용여부 */
		    ,MARK_DSCR_USE_YN         /* 마크설명사용여부 */
		    ,LOT_ATTR_1_USE_YN        /* LOT속성1사용여부 */
		    ,LOT_ATTR_2_USE_YN        /* LOT속성2사용여부 */
		    ,LOT_ATTR_3_USE_YN        /* LOT속성3사용여부 */
		    ,LOT_ATTR_4_USE_YN        /* LOT속성4사용여부 */
		    ,LOT_ATTR_5_USE_YN        /* LOT속성5사용여부 */
		    ,LOT_ATTR_6_USE_YN        /* LOT속성6사용여부 */
		    ,LOT_ATTR_7_USE_YN        /* LOT속성7사용여부 */
		    ,LOT_ATTR_8_USE_YN        /* LOT속성8사용여부 */
		    ,LOT_ATTR_9_USE_YN        /* LOT속성9사용여부 */
		    ,LOT_ATTR_10_USE_YN       /* LOT속성10사용여부 */
		    ,LOT_ATTR_CHG_STRT_DSCR   /* LOT속성변경전략설명 */
		    ,DEL_YN                   /* 삭제여부 */
		    ,REG_USER_ID              /* 등록사용자ID */
		    ,REG_DTIME                /* 등록일시 */
		    ,MODI_USER_ID             /* 수정사용자ID */
		    ,MODI_DTIME               /* 수정일시 */
		) VALUES (
		     #{cntrCd}
		    ,#{whCd}
		    ,#{lotAttrChgStrtCd}
		    ,#{whWhibYmdUseYn}
		    ,#{prodYmdUseYn}
		    ,#{validDtimeUseYn}
		    ,#{prodLotNoUseYn}
		    ,#{markDscrUseYn}
		    ,#{lotAttr1UseYn}
		    ,#{lotAttr2UseYn}
		    ,#{lotAttr3UseYn}
		    ,#{lotAttr4UseYn}
		    ,#{lotAttr5UseYn}
		    ,#{lotAttr6UseYn}
		    ,#{lotAttr7UseYn}
		    ,#{lotAttr8UseYn}
		    ,#{lotAttr9UseYn}
		    ,#{lotAttr10UseYn}
		    ,#{lotAttrChgStrtDscr}
		    ,'N'
		    ,#{regUserId}
		    ,current_timestamp
		    ,#{modiUserId}
		    ,current_timestamp
		)
	</insert>	
	
	
	<update id="updateLotPropertyChangeStrategy" parameterType="com.oy.wms.baim.strt.set.lotatr.BaimLotAttrChgStrtVO">
		/* [BaimLotAttrChgStrtMapper][updateLotPropertyChangeStrategy] 로트속성변경전략 수정 */
		UPDATE TB_BAIM_LOT_ATTR_CHNG_STRT
		SET 
		     WH_WHIB_YMD_USE_YN       = #{whWhibYmdUseYn}
		    ,PROD_YMD_USE_YN          = #{prodYmdUseYn}
		    ,VALID_DTIME_USE_YN       = #{validDtimeUseYn}
		    ,PROD_LOT_NO_USE_YN       = #{prodLotNoUseYn}
		    ,MARK_DSCR_USE_YN         = #{markDscrUseYn}
		    ,LOT_ATTR_1_USE_YN        = #{lotAttr1UseYn}
		    ,LOT_ATTR_2_USE_YN        = #{lotAttr2UseYn}
		    ,LOT_ATTR_3_USE_YN        = #{lotAttr3UseYn}
		    ,LOT_ATTR_4_USE_YN        = #{lotAttr4UseYn}
		    ,LOT_ATTR_5_USE_YN        = #{lotAttr5UseYn}
		    ,LOT_ATTR_6_USE_YN        = #{lotAttr6UseYn}
		    ,LOT_ATTR_7_USE_YN        = #{lotAttr7UseYn}
		    ,LOT_ATTR_8_USE_YN        = #{lotAttr8UseYn}
		    ,LOT_ATTR_9_USE_YN        = #{lotAttr9UseYn}
		    ,LOT_ATTR_10_USE_YN       = #{lotAttr10UseYn}
		    ,LOT_ATTR_CHG_STRT_DSCR   = #{lotAttrChgStrtDscr}
		    ,MODI_USER_ID             = #{modiUserId}
		    ,MODI_DTIME               = current_timestamp
		WHERE 1=1
        AND CNTR_CD                 = #{cntrCd}
        AND WH_CD                   = #{whCd}
        AND LOT_ATTR_CHG_STRT_CD    = #{lotAttrChgStrtCd}
	</update>	
	
	
	<update id="deleteLotPropertyChangeStrategy" parameterType="com.oy.wms.baim.strt.set.lotatr.BaimLotAttrChgStrtVO">
		/* [BaimLotAttrChgStrtMapper][deleteLotPropertyChangeStrategy] 로트속성변경전략 삭제 */
		UPDATE TB_BAIM_LOT_ATTR_CHNG_STRT
		   SET 
		        DEL_YN            = 'Y'
		   	   ,MODI_USER_ID      = #{modiUserId}
		   	   ,MODI_DTIME 	      = current_timestamp
        WHERE 1=1
        AND CNTR_CD                 = #{cntrCd}
        AND WH_CD                   = #{whCd}
        AND LOT_ATTR_CHG_STRT_CD    = #{lotAttrChgStrtCd}
	</update>	
</mapper>