<?xml version="1.0" encoding="UTF-8"?>
<!DOCTYPE mapper PUBLIC "-//mybatis.org//DTD Mapper 3.0//EN" "http://mybatis.org/dtd/mybatis-3-mapper.dtd">
<mapper namespace="com.oy.wms.baim.strt.set.dist.BaimDistStrtMapper">
        
    <select id="selectDistStrt" parameterType="com.oy.wms.baim.strt.set.dist.BaimDistStrtVO" resultType="com.oy.wms.baim.strt.set.dist.BaimDistStrtVO" >
    /* [BaimDistStrtMapper][selectDistStrt] 분류전략 조회 */
        SELECT
             '0' AS CHK
            ,A.CNTR_CD
            ,B.CNTR_NM
            ,A.WH_CD
            ,C.WH_NM
            ,A.DIST_STRT_CD
            ,A.DIST_STRT_NM
            ,A.DIST_STRT_OPT_CD
            ,A.DIST_STRT_DSCR
            ,A.STD_QTY
            ,A.WAVE_UNIT_VAL
            ,A.SHOP_MALL_CD
            ,A.DEL_YN
            ,A.REG_USER_ID
            ,TO_CHAR(A.REG_DTIME, 'yyyy-mm-dd hh24:mi:ss') AS REG_DTIME
            ,A.MODI_USER_ID
            ,TO_CHAR(A.MODI_DTIME, 'yyyy-mm-dd hh24:mi:ss') AS MODI_DTIME          
        FROM TB_BAIM_DIST_STRT A,
             TB_BAIM_CNTR B,
             TB_BAIM_WARE C
        WHERE A.CNTR_CD = B.CNTR_CD
          AND A.CNTR_CD = C.CNTR_CD
          AND   A.WH_CD = C.WH_CD
		<if test="cntrCd != null and cntrCd != '' ">
		  AND A.CNTR_CD = #{cntrCd}
		</if>
		<if test="whCd != null and whCd != '' ">
		  AND A.WH_CD = #{whCd}
		</if>
		<if test="distStrtCd != null and distStrtCd != '' ">
		  AND A.DIST_STRT_CD = #{distStrtCd}
		</if>
		<if test="delYn != null and delYn != '' ">
		  AND A.DEL_YN = #{delYn}
		</if>
    </select>
        
    <insert id="insertDistStrt" parameterType="com.oy.wms.baim.strt.set.dist.BaimDistStrtVO" >
    /* [BaimDistStrtMapper][insertDistStrt] 분류전략 추가 */
		INSERT INTO TB_BAIM_DIST_STRT (
		     CNTR_CD
		    ,WH_CD
		    ,DIST_STRT_CD
		    ,DIST_STRT_NM
		    ,DIST_STRT_OPT_CD
		    ,DIST_STRT_DSCR
		    ,STD_QTY
		    ,WAVE_UNIT_VAL
		    ,SHOP_MALL_CD
		    ,DEL_YN
		    ,REG_USER_ID
		    ,MODI_USER_ID
		) VALUES (
		     #{cntrCd}
		    ,#{whCd}
		    ,#{distStrtCd}
		    ,#{distStrtNm}
		    ,#{distStrtOptCd}
		    ,#{distStrtDscr}
		    ,#{stdQty}
		    ,#{waveUnitVal}
		    ,#{shopMallCd}
		    ,'N'
		    ,#{regUserId}
		    ,#{regUserId}
		)
    </insert>
    
    <update id="updateDistStrt" parameterType="com.oy.wms.baim.strt.set.dist.BaimDistStrtVO" >
    /* [BaimDistStrtMapper][updateDistStrt] 분류전략 수정 */
		UPDATE TB_BAIM_DIST_STRT
		SET 
		     DIST_STRT_NM     = #{distStrtNm}
		    ,DIST_STRT_OPT_CD = #{distStrtOptCd}
		    ,DIST_STRT_DSCR   = #{distStrtDscr}
		    ,STD_QTY          = #{stdQty}
		    ,WAVE_UNIT_VAL    = #{waveUnitVal}
		    ,SHOP_MALL_CD     = #{shopMallCd}
		    ,DEL_YN           = #{delYn}
		    ,MODI_USER_ID     = #{modiUserId}
		    ,MODI_DTIME       = current_timestamp
		WHERE CNTR_CD         = #{cntrCd}
		AND WH_CD             = #{whCd}
		AND DIST_STRT_CD      = #{distStrtCd}
    </update>
    
    <update id="deleteDistStrt" parameterType="com.oy.wms.baim.strt.set.dist.BaimDistStrtVO" >
    /* [BaimDistStrtMapper][deleteDistStrt] 분류전략 삭제 */
        UPDATE TB_BAIM_DIST_STRT
        SET 
             DEL_YN = 'Y'
            ,MODI_USER_ID   = #{modiUserId}
            ,MODI_DTIME     = current_timestamp
        WHERE CNTR_CD       = #{cntrCd}
        AND WH_CD           = #{whCd}
        AND DIST_STRT_CD    = #{distStrtCd}    
    </update>
        
        
    <select id="checkDupDistStrt" parameterType="com.oy.wms.baim.strt.set.dist.BaimDistStrtVO" resultType="boolean">
        /* [BaimDistStrtMapper][checkDupDistStrt] 분류전략 중복 조회 */
        SELECT 
           (CASE WHEN EXISTS( 
	                SELECT
	                    REG_USER_ID
	                FROM TB_BAIM_DIST_STRT
			        WHERE CNTR_CD       = #{cntrCd}
			        AND WH_CD           = #{whCd}
			        AND DIST_STRT_CD    = #{distStrtCd}
               ) THEN 1 ELSE 0 END) AS IS_DUP
        FROM DUAL    
    </select>    
</mapper>