<?xml version="1.0" encoding="UTF-8"?>
<!DOCTYPE mapper PUBLIC "-//mybatis.org//DTD Mapper 3.0//EN" "http://mybatis.org/dtd/mybatis-3-mapper.dtd">
<mapper namespace="com.oy.wms.baim.strt.set.repl.BaimReplStrtMapper">
	
    <!-- BaimReplStrt -->
    <select id="selectBaimReplStrt" parameterType="com.oy.wms.baim.strt.set.repl.BaimReplStrtVO" resultType="com.oy.wms.baim.strt.set.repl.BaimReplStrtVO">
		/* [BaimReplStrtMapper][selectBaimReplStrt] 재고보충전략 조회 */
		SELECT
		     '0' AS CHK
			,A.CNTR_CD
			,B.CNTR_NM
			,A.WH_CD
			,C.WH_NM
			,A.STOCK_REPL_STRT_CD
			,A.LEFT_QTY_ALLOC_YN
			,A.ALLOC_TYPE_CD
			,A.ROT_TYPE_CD
			,A.REPL_CELL_TYPE_CD
			,A.STOCK_REPL_STRT_DSCR
			,A.DEL_YN
			,A.REG_USER_ID
			,TO_CHAR(A.REG_DTIME, 'yyyy-mm-dd hh24:mi:ss') AS REG_DTIME
			,A.MODI_USER_ID
			,TO_CHAR(A.MODI_DTIME, 'yyyy-mm-dd hh24:mi:ss') AS MODI_DTIME
		FROM TB_BAIM_REPL_STRT A,
             TB_BAIM_CNTR B,
             TB_BAIM_WARE C
        WHERE A.CNTR_CD = B.CNTR_CD
          AND A.CNTR_CD = C.CNTR_CD
          AND   A.WH_CD = C.WH_CD
		<if test="cntrCd != null and cntrCd != '' ">
		  AND A.CNTR_CD = #{cntrCd}
		</if>
		<if test="whCd != null and whCd != '' ">
		  AND A.WH_CD = #{whCd}
		</if>
		<if test="stockReplStrtCd != null and stockReplStrtCd != '' ">
		  AND A.STOCK_REPL_STRT_CD = #{stockReplStrtCd}
		</if>
		<if test="stockReplStrtDscr != null and stockReplStrtDscr != '' ">
		  AND A.STOCK_REPL_STRT_DSCR LIKE '%' ||  #{stockReplStrtDscr} || '%'
		</if>            
		<if test="delYn != null and delYn != '' ">
		  AND A.DEL_YN = #{delYn}
		</if>			
    </select>
    
    <insert id="insertBaimReplStrt" parameterType="com.oy.wms.baim.strt.set.repl.BaimReplStrtVO">
		/* [BaimReplStrtMapper][insertBaimReplStrt] 재고보충전략 추가 */
		INSERT INTO TB_BAIM_REPL_STRT (
			 CNTR_CD
			,WH_CD
			,STOCK_REPL_STRT_CD
			,LEFT_QTY_ALLOC_YN
			,ALLOC_TYPE_CD
			,ROT_TYPE_CD
			,REPL_CELL_TYPE_CD
			,STOCK_REPL_STRT_DSCR
			,DEL_YN
			,REG_USER_ID
			,MODI_USER_ID
		) VALUES (
			 #{cntrCd}
			,#{whCd}
			,#{stockReplStrtCd}
			,NVL(#{leftQtyAllocYn}, 'N')
			,#{allocTypeCd}
			,#{rotTypeCd}
			,#{replCellTypeCd}
			,#{stockReplStrtDscr}
			, 'N'
			,#{regUserId}
			,#{regUserId}
		)
	</insert>
	
	<update id="updateBaimReplStrt" parameterType="com.oy.wms.baim.strt.set.repl.BaimReplStrtVO">
		/* [BaimReplStrtMapper][updateBaimReplStrt] 재고보충전략 갱신 */
		UPDATE TB_BAIM_REPL_STRT
		SET 
			 LEFT_QTY_ALLOC_YN       = NVL(#{leftQtyAllocYn}, 'N')
			,ALLOC_TYPE_CD           = #{allocTypeCd}
			,ROT_TYPE_CD             = #{rotTypeCd}
			,REPL_CELL_TYPE_CD       = #{replCellTypeCd}
			,STOCK_REPL_STRT_DSCR    = #{stockReplStrtDscr}
			,DEL_YN                  = #{delYn}
			,MODI_USER_ID            = #{modiUserId}
			,MODI_DTIME              = current_timestamp 
		WHERE CNTR_CD             = #{cntrCd}
		  AND WH_CD               = #{whCd}
		  AND STOCK_REPL_STRT_CD  = #{stockReplStrtCd}
	</update>
	
	<delete id="deleteBaimReplStrt" parameterType="com.oy.wms.baim.strt.set.repl.BaimReplStrtVO">
		/* [BaimReplStrtMapper][deleteBaimReplStrt] 재고보충전략 삭제 */
		UPDATE TB_BAIM_REPL_STRT
		SET 
			DEL_YN = 'Y'
			,MODI_USER_ID = #{modiUserId}
			,MODI_DTIME = current_timestamp 
		WHERE CNTR_CD             = #{cntrCd}
		  AND WH_CD               = #{whCd}
		  AND STOCK_REPL_STRT_CD  = #{stockReplStrtCd}
	</delete>
	
    <select id="checkDupReplStrt" parameterType="com.oy.wms.baim.strt.set.repl.BaimReplStrtVO" resultType="boolean">
        /* [BaimReplStrtMapper][checkDupReplStrt] 재고보충전략 중복 조회 */
        SELECT 
           (CASE WHEN EXISTS( 
                    SELECT
                        REG_USER_ID
                    FROM TB_BAIM_REPL_STRT
			        WHERE CNTR_CD             = #{cntrCd}
			          AND WH_CD               = #{whCd}
			          AND STOCK_REPL_STRT_CD  = #{stockReplStrtCd}
               ) THEN 1 ELSE 0 END) AS IS_DUP
        FROM DUAL    
    </select>	
</mapper>