<?xml version="1.0" encoding="UTF-8"?>
<!DOCTYPE mapper PUBLIC "-//mybatis.org//DTD Mapper 3.0//EN" "http://mybatis.org/dtd/mybatis-3-mapper.dtd">
<mapper namespace="com.oy.wms.baim.strt.set.aloc.BaimAlocStrtMapper">
	
	<!-- 할당전략설정 -->
	<select id="selectAllocationStrategySettings" parameterType="com.oy.wms.baim.strt.set.aloc.BaimAlocStrtVO" resultType="com.oy.wms.baim.strt.set.aloc.BaimAlocStrtVO">
		/* [BaimAlocStrtMapper][selectAllocationStrategySettings] 할당전략 조회 */
		SELECT 	
		     A.CNTR_CD
		    ,A.WH_CD
		    ,B.WH_NM
		    ,A.ALLOC_STRT_CD
		    ,A.LEFT_QTY_ALLOC_YN
		    ,A.ALLOC_TYPE_CD
		    ,A.ROT_TYPE_CD
		    ,A.ALLOC_YMD_TYPE_CD
		    ,A.QTY_ALLOC_TYPE_CD
		    ,A.ALLOC_CELL_TYPE_CD
		    ,A.ALLOC_UNIT_TYPE_CD
		    ,A.PICK_TYPE_CD
		    ,A.ALLOC_STRT_DSCR
		FROM TB_BAIM_ALOC_STRT A
			,TB_BAIM_WARE B
		WHERE A.CNTR_CD = B.CNTR_CD
		AND A.WH_CD = B.WH_CD
		<if test='cntrCd != null and cntrCd !=""'>   
		AND A.CNTR_CD = #{cntrCd}
		</if>
		<if test='whCd != null and whCd !=""'>
		AND A.WH_CD = #{whCd}
		</if>
		<if test='allocStrtCd != null and allocStrtCd !=""'>
		AND A.ALLOC_STRT_CD = #{allocStrtCd}
		</if>
		<if test='delYn != null and delYn !=""'>
		AND A.DEL_YN = #{delYn}
		</if>
		<if test='allocStrtDscr != null and allocStrtDscr !=""'>
		AND A.ALLOC_STRT_DSCR LIKE '%'||#{allocStrtDscr}||'%'
		</if>
		<if test='rotTypeCd != null and rotTypeCd !=""'>
		AND A.ROT_TYPE_CD = #{rotTypeCd}
		</if>
		<if test='allocTypeCd != null and allocTypeCd !=""'>
		AND A.ALLOC_TYPE_CD = #{allocTypeCd}
		</if>
		
		
	  	ORDER BY A.CNTR_CD
	</select>
	
	
	<insert id="insertAllocationStrategySettings" parameterType="com.oy.wms.baim.strt.set.aloc.BaimAlocStrtVO">
		/* [BaimAlocStrtMapper][insertAllocationStrategySettings] 할당전략 등록 */
		INSERT INTO TB_BAIM_ALOC_STRT (
		     CNTR_CD              /* 센터코드 */
		    ,WH_CD                /* 창고코드 */
		    ,ALLOC_STRT_CD        /* 할당전략코드 */
		    ,LEFT_QTY_ALLOC_YN    /* 잔여수량할당여부 */
		    ,ALLOC_TYPE_CD        /* 할당유형코드 */
		    ,ROT_TYPE_CD          /* 회전유형코드 */
		    ,ALLOC_YMD_TYPE_CD    /* 할당일자유형코드  */
		    ,QTY_ALLOC_TYPE_CD    /* 수량할당유형코드 */
		    ,ALLOC_CELL_TYPE_CD   /* 할당셀유형코드 */
		    ,ALLOC_UNIT_TYPE_CD   /* 할당단위유형코드 */
		    ,PICK_TYPE_CD         /* 피킹유형코드 */
		    ,DEL_YN               /* 삭제여부 */
		    ,ALLOC_STRT_DSCR      /* 할당전략설명    */
		    ,REG_USER_ID          /* 등록사용자ID */
		    ,REG_DTIME            /* 등록일시 */
		    ,MODI_USER_ID         /* 수정사용자ID */
		    ,MODI_DTIME           /* 수정일시 */
		) VALUES (
		     #{cntrCd}
		    ,#{whCd}
		    ,#{allocStrtCd}
		    ,#{leftQtyAllocYn}
		    ,#{allocTypeCd}
		    ,#{rotTypeCd}
		    ,#{allocYmdTypeCd}
		    ,#{qtyAllocTypeCd}
		    ,#{allocCellTypeCd}
		    ,#{allocUnitTypeCd}
		    ,#{pickTypeCd}
		    ,'N'
		    ,#{allocStrtDscr}
		    ,#{regUserId}
		    ,current_timestamp
		    ,#{modiUserId}
		    ,current_timestamp
		)
	</insert>	
	
	
	<update id="updateAllocationStrategySettings" parameterType="com.oy.wms.baim.strt.set.aloc.BaimAlocStrtVO">
		/* [BaimAlocStrtMapper][updateAllocationStrategySettings] 할당전략 수정 */
		UPDATE TB_BAIM_ALOC_STRT
		SET  
		     LEFT_QTY_ALLOC_YN    = #{leftQtyAllocYn}
		    ,ALLOC_TYPE_CD        = #{allocTypeCd}
		    ,ROT_TYPE_CD          = #{rotTypeCd}
		    ,ALLOC_YMD_TYPE_CD    = #{allocYmdTypeCd}
		    ,QTY_ALLOC_TYPE_CD    = #{qtyAllocTypeCd}
		    ,ALLOC_CELL_TYPE_CD   = #{allocCellTypeCd}
		    ,ALLOC_UNIT_TYPE_CD   = #{allocUnitTypeCd}
		    ,PICK_TYPE_CD         = #{pickTypeCd}
		    ,ALLOC_STRT_DSCR      = #{allocStrtDscr}
		    ,MODI_USER_ID         = #{modiUserId}
		    ,MODI_DTIME           = current_timestamp
		WHERE 1=1
        AND CNTR_CD               = #{cntrCd}
        AND WH_CD                 = #{whCd}
        AND ALLOC_STRT_CD         = #{allocStrtCd}
	</update>	
	
	
	<update id="deleteAllocationStrategySettings" parameterType="com.oy.wms.baim.strt.set.aloc.BaimAlocStrtVO">
		/* [BaimAlocStrtMapper][deleteAllocationStrategySettings] 할당전략 삭제 */
		UPDATE TB_BAIM_ALOC_STRT
		   SET DEL_YN		   = 'Y'
		   	   ,MODI_USER_ID   = #{modiUserId}
		   	   ,MODI_DTIME 	   = current_timestamp
		 WHERE 1=1
		 AND CNTR_CD           = #{cntrCd}
		 AND WH_CD			   = #{whCd}
		 AND ALLOC_STRT_CD	   = #{allocStrtCd}
	</update>
	
</mapper>