<?xml version="1.0" encoding="UTF-8"?>
<!DOCTYPE mapper PUBLIC "-//mybatis.org//DTD Mapper 3.0//EN" "http://mybatis.org/dtd/mybatis-3-mapper.dtd">
<mapper namespace="com.oy.wms.baim.strt.set.lotefc.BaimLotEfctMapper">
    
    <!-- BaimLotEfctVO -->
    <select id="selectEftcStrtList" parameterType="com.oy.wms.baim.strt.set.lotefc.BaimLotEfctVO" resultType="com.oy.wms.baim.strt.set.lotefc.BaimLotEfctVO">
		/* [BaimLotEfctMapper][selectEftcStrtList] 로트유효성전략 조회 */
		SELECT
		     '0' AS CHK
			,A.CNTR_CD
			,B.CNTR_NM
			,A.WH_CD
			,C.WH_NM
			,A.LOT_EFCT_CHK_CD
			,A.WHIB_YMD_USE_YN
			,A.PROD_YMD_USE_YN
			,A.VALID_DTIME_USE_YN
			,A.PROD_LOT_NO_USE_YN
			,A.MARK_DSCR_USE_YN
			,A.LOT_ATTR_1_USE_YN
			,A.LOT_ATTR_2_USE_YN
			,A.LOT_ATTR_3_USE_YN
			/*
			,A.LOT_ATTR_4_USE_YN
			,A.LOT_ATTR_5_USE_YN
			,A.LOT_ATTR_6_USE_YN
			,A.LOT_ATTR_7_USE_YN
			,A.LOT_ATTR_8_USE_YN
			,A.LOT_ATTR_9_USE_YN
			,A.LOT_ATTR_10_USE_YN
			*/
			,A.LOT_EFCT_CHK_DSCR
			,A.DEL_YN
			,A.REG_USER_ID
			,TO_CHAR(A.REG_DTIME, 'yyyy-mm-dd hh24:mi:ss') AS REG_DTIME
			,A.MODI_USER_ID
			,TO_CHAR(A.MODI_DTIME, 'yyyy-mm-dd hh24:mi:ss') AS MODI_DTIME
		FROM TB_BAIM_LOT_EFCT_STRT A,
             TB_BAIM_CNTR B,
             TB_BAIM_WARE C
        WHERE A.CNTR_CD = B.CNTR_CD
          AND A.CNTR_CD = C.CNTR_CD
          AND   A.WH_CD = C.WH_CD		
          <if test="cntrCd != null and cntrCd != '' ">
          AND A.CNTR_CD = #{cntrCd}
          </if>
          <if test="whCd != null and whCd != '' ">
          AND A.WH_CD = #{whCd}
          </if>
          <if test="lotEfctChkCd != null and lotEfctChkCd != '' ">
          AND A.LOT_EFCT_CHK_CD = #{lotEfctChkCd}
          </if>
          <if test="lotEfctChkDscr != null and lotEfctChkDscr != '' ">
          AND A.LOT_EFCT_CHK_DSCR LIKE '%' ||  #{lotEfctChkDscr} || '%'
          </if>                 
          <if test="delYn != null and delYn != '' ">
          AND A.DEL_YN = #{delYn}
          </if>
    </select>
    
    <insert id="insertEftcStrtList" parameterType="com.oy.wms.baim.strt.set.lotefc.BaimLotEfctVO">
		/* [BaimLotEfctMapper][insertEftcStrtList] 로트유효성전략 추가 */
		INSERT INTO TB_BAIM_LOT_EFCT_STRT (
			 CNTR_CD
			,WH_CD
			,LOT_EFCT_CHK_CD
			,WHIB_YMD_USE_YN
			,PROD_YMD_USE_YN
			,VALID_DTIME_USE_YN
			,PROD_LOT_NO_USE_YN
			,MARK_DSCR_USE_YN
			,LOT_ATTR_1_USE_YN
			,LOT_ATTR_2_USE_YN
			,LOT_ATTR_3_USE_YN
			,LOT_ATTR_4_USE_YN
			,LOT_ATTR_5_USE_YN
			,LOT_ATTR_6_USE_YN
			,LOT_ATTR_7_USE_YN
			,LOT_ATTR_8_USE_YN
			,LOT_ATTR_9_USE_YN
			,LOT_ATTR_10_USE_YN
			,LOT_EFCT_CHK_DSCR
			,DEL_YN
			,REG_USER_ID
			,MODI_USER_ID
		) VALUES (
			 #{cntrCd}
			,#{whCd}
			,#{lotEfctChkCd}
			,NVL(#{whibYmdUseYn}, 'N')
			,NVL(#{prodYmdUseYn}, 'N')
			,NVL(#{validDtimeUseYn}, 'N')
			,NVL(#{prodLotNoUseYn}, 'N')
			,NVL(#{markDscrUseYn}, 'N')
			,NVL(#{lotAttr1UseYn}, 'N')
			,NVL(#{lotAttr2UseYn}, 'N')
			,NVL(#{lotAttr3UseYn}, 'N')
			,NVL(#{lotAttr4UseYn}, 'N')
			,NVL(#{lotAttr5UseYn}, 'N')
			,NVL(#{lotAttr6UseYn}, 'N')
			,NVL(#{lotAttr7UseYn}, 'N')
			,NVL(#{lotAttr8UseYn}, 'N')
			,NVL(#{lotAttr9UseYn}, 'N')
			,NVL(#{lotAttr10UseYn}, 'N')
			,#{lotEfctChkDscr}
			, 'N'
			,#{regUserId}
			,#{regUserId}
		)
    </insert>
    
    <update id="updateEftcStrtList" parameterType="com.oy.wms.baim.strt.set.lotefc.BaimLotEfctVO">
		/* [BaimLotEfctMapper][updateEftcStrtList] 로트유효성전략 갱신 */
		UPDATE TB_BAIM_LOT_EFCT_STRT
		SET 
			 WHIB_YMD_USE_YN     = NVL(#{whibYmdUseYn}, 'N')
			,PROD_YMD_USE_YN     = NVL(#{prodYmdUseYn}, 'N')
			,VALID_DTIME_USE_YN  = NVL(#{validDtimeUseYn}, 'N')
			,PROD_LOT_NO_USE_YN  = NVL(#{prodLotNoUseYn}, 'N')
			,MARK_DSCR_USE_YN    = NVL(#{markDscrUseYn}, 'N')
			,LOT_ATTR_1_USE_YN   = NVL(#{lotAttr1UseYn}, 'N')
			,LOT_ATTR_2_USE_YN   = NVL(#{lotAttr2UseYn}, 'N')
			,LOT_ATTR_3_USE_YN   = NVL(#{lotAttr3UseYn}, 'N')
			,LOT_ATTR_4_USE_YN   = NVL(#{lotAttr4UseYn}, 'N')
			,LOT_ATTR_5_USE_YN   = NVL(#{lotAttr5UseYn}, 'N')
			,LOT_ATTR_6_USE_YN   = NVL(#{lotAttr6UseYn}, 'N')
			,LOT_ATTR_7_USE_YN   = NVL(#{lotAttr7UseYn}, 'N')
			,LOT_ATTR_8_USE_YN   = NVL(#{lotAttr8UseYn}, 'N')
			,LOT_ATTR_9_USE_YN   = NVL(#{lotAttr9UseYn}, 'N')
			,LOT_ATTR_10_USE_YN  = NVL(#{lotAttr10UseYn}, 'N')
			,LOT_EFCT_CHK_DSCR   = #{lotEfctChkDscr}
			,DEL_YN              = #{delYn}
			,MODI_USER_ID        = #{modiUserId}
			,MODI_DTIME          = current_timestamp 
		WHERE 1=1
			AND CNTR_CD = #{cntrCd}
			AND WH_CD = #{whCd}
			AND LOT_EFCT_CHK_CD = #{lotEfctChkCd}
    </update>
    
    <update id="deleteEftcStrtList" parameterType="com.oy.wms.baim.strt.set.lotefc.BaimLotEfctVO">
        /* [BaimLotEfctMapper][deleteEftcStrtList] 로트유효성전략 삭제 */
		UPDATE TB_BAIM_LOT_EFCT_STRT
		SET 
			DEL_YN = 'Y'
			,MODI_USER_ID = #{modiUserId}
			,MODI_DTIME = current_timestamp 
		WHERE 1=1
			AND CNTR_CD = #{cntrCd}
			AND WH_CD = #{whCd}
			AND LOT_EFCT_CHK_CD = #{lotEfctChkCd}
	</update>
    
    <select id="checkDupDistStrt" parameterType="com.oy.wms.baim.strt.set.lotefc.BaimLotEfctVO" resultType="boolean">
        /* [BaimLotEfctMapper][checkDupDistStrt] 로트유효성전략 중복 조회 */
        SELECT 
           (CASE WHEN EXISTS( 
                    SELECT
                        REG_USER_ID
                    FROM TB_BAIM_LOT_EFCT_STRT
                    WHERE CNTR_CD         = #{cntrCd}
		              AND WH_CD           = #{whCd}
		              AND LOT_EFCT_CHK_CD = #{lotEfctChkCd}
               ) THEN 1 ELSE 0 END) AS IS_DUP
        FROM DUAL    
    </select>     
</mapper>