<?xml version="1.0" encoding="UTF-8"?>
<!DOCTYPE mapper PUBLIC "-//mybatis.org//DTD Mapper 3.0//EN" "http://mybatis.org/dtd/mybatis-3-mapper.dtd">
<mapper namespace="com.oy.wms.baim.strt.set.BaimStrtMapper">
	
	<select id="selectStrtSet" parameterType="com.oy.wms.baim.strt.set.BaimStrtVO" resultType="com.oy.wms.baim.strt.set.BaimStrtVO" >
	    /* [BaimStrtMapper][selectStrtSet] 전략세트 조회 */
         SELECT
             A.CNTR_CD
            ,B.CNTR_NM
            ,A.WH_CD
            ,C.WH_NM
            ,A.STRT_SET_CD
            ,L1.ALLOC_STRT_CD AS BF_ALLOC_STRT_CD
            ,L1.ALLOC_STRT_DSCR AS BF_ALLOC_STRT_DSCR
            ,L.ALLOC_STRT_CD
            ,L.ALLOC_STRT_DSCR
            ,R.STOCK_REPL_STRT_CD
            ,R.STOCK_REPL_STRT_DSCR
            ,P.PUTA_STRT_CD
            ,P.PUTA_STRT_DSCR
            ,T.LOT_GEN_STRT_CD
            ,T.LOT_GEN_STRT_DSCR
            ,H.LOT_ATTR_CHG_STRT_CD
            ,H.LOT_ATTR_CHG_STRT_DSCR
            ,E.LOT_EFCT_CHK_CD
            ,E.LOT_EFCT_CHK_DSCR
            ,A.AGV_STOCK_REPL_YN
            ,A.DEL_YN
            ,A.STRT_SET_DSCR
            ,A.REG_USER_ID
            ,TO_CHAR(A.REG_DTIME, 'yyyy-mm-dd') AS REG_DTIME
            ,A.MODI_USER_ID
            ,TO_CHAR(A.MODI_DTIME, 'yyyy-mm-dd') AS MODI_DTIME
        FROM TB_BAIM_STRT_SET A,
             TB_BAIM_CNTR B,
             TB_BAIM_WARE C, 
             TB_BAIM_ALOC_STRT L,
             TB_BAIM_ALOC_STRT L1,
             TB_BAIM_PUTA_STRT_M P,
             TB_BAIM_REPL_STRT R,
             TB_BAIM_LOT_EFCT_STRT E,
             TB_BAIM_LOT_CREATE_STRT T,
             TB_BAIM_LOT_ATTR_CHNG_STRT H
        WHERE A.CNTR_CD = B.CNTR_CD
          AND A.CNTR_CD = C.CNTR_CD     AND A.WH_CD = C.WH_CD
          AND A.CNTR_CD = L.CNTR_CD(+)  AND A.WH_CD = L.WH_CD(+)  AND A.ALLOC_STRT_CD = L.ALLOC_STRT_CD(+)
          AND A.CNTR_CD = L1.CNTR_CD(+) AND A.WH_CD = L1.WH_CD(+) AND A.ALLOC_STRT_CD = L1.ALLOC_STRT_CD(+)
          AND A.CNTR_CD = P.CNTR_CD(+)  AND A.WH_CD = P.WH_CD(+)  AND A.PUTA_STRT_CD = P.PUTA_STRT_CD(+)
          AND A.CNTR_CD = R.CNTR_CD(+)  AND A.WH_CD = R.WH_CD(+)  AND A.STOCK_REPL_STRT_CD = R.STOCK_REPL_STRT_CD(+)
          AND A.CNTR_CD = E.CNTR_CD(+)  AND A.WH_CD = E.WH_CD(+)  AND A.LOT_EFCT_CHK_CD = E.LOT_EFCT_CHK_CD(+)
          AND A.CNTR_CD = T.CNTR_CD(+)  AND A.WH_CD = T.WH_CD(+)  AND A.LOT_GEN_STRT_CD = T.LOT_GEN_STRT_CD(+)
          AND A.CNTR_CD = H.CNTR_CD(+)  AND A.WH_CD = H.WH_CD(+)  AND A.LOT_ATTR_CHG_STRT_CD = H.LOT_ATTR_CHG_STRT_CD(+)
          <if test="cntrCd != null and cntrCd != '' ">
          AND A.CNTR_CD = #{cntrCd}
          </if>
          <if test="whCd != null and whCd != '' ">
          AND A.WH_CD = #{whCd}
          </if>
          <if test="strtSetCd != null and strtSetCd != '' ">
          AND A.STRT_SET_CD = #{strtSetCd}
          </if>
          <if test="delYn != null and delYn != '' ">
          AND A.DEL_YN = #{delYn}
          </if>
	</select>
	
	<insert id="insertStrtSet" parameterType="com.oy.wms.baim.strt.set.BaimStrtVO" >
	    /* [BaimStrtMapper][insertStrtSet] 전략세트 추가 */
		INSERT INTO TB_BAIM_STRT_SET (
		     CNTR_CD              /* 센터코드 */
		    ,WH_CD                /* 창고코드 */
		    ,STRT_SET_CD          /* 전략세트코드 */
		    ,BF_ALLOC_STRT_CD     /* 이전할당전략코드 */
		    ,ALLOC_STRT_CD        /* 할당전략코드 */
		    ,STOCK_REPL_STRT_CD   /* 재고보충전략코드 */
		    ,PUTA_STRT_CD         /* 적치전략코드 */
		    ,LOT_GEN_STRT_CD      /* LOT생성전략코드 */
		    ,LOT_ATTR_CHG_STRT_CD /* LOT속성변경전략코드 */
		    ,LOT_EFCT_CHK_CD      /* LOT유효성점검코드 */    
		    ,AGV_STOCK_REPL_YN    /* AGV재고보충여부 */    
		    ,DEL_YN               /* 삭제여부 */
		    ,STRT_SET_DSCR        /* 전략세트설명 */
		    ,REG_USER_ID          /* 등록사용자ID */
		    ,MODI_USER_ID         /* 수정사용자ID */
		) VALUES (
		     #{cntrCd}
		    ,#{whCd}
		    ,#{strtSetCd}
		    ,#{bfAllocStrtCd}
		    ,#{allocStrtCd}
		    ,#{stockReplStrtCd}
		    ,#{putaStrtCd}
		    ,#{lotGenStrtCd}
		    ,#{lotAttrChgStrtCd}
		    ,#{lotEfctChkCd}
		    ,#{agvStockReplYn}
		    ,'N'
		    ,#{strtSetDscr}
		    ,#{regUserId}
		    ,#{regUserId}
		)
	</insert>
	
	<update id="updateStrtSet" parameterType="com.oy.wms.baim.strt.set.BaimStrtVO" >
	    /* [BaimStrtMapper][updateStrtSet] 전략세트 수정 */
		UPDATE TB_BAIM_STRT_SET
		SET 
		     STRT_SET_CD = #{strtSetCd}
		    ,BF_ALLOC_STRT_CD = #{bfAllocStrtCd}
		    ,ALLOC_STRT_CD = #{allocStrtCd}
		    ,STOCK_REPL_STRT_CD = #{stockReplStrtCd}
		    ,PUTA_STRT_CD = #{putaStrtCd}
		    ,LOT_GEN_STRT_CD = #{lotGenStrtCd}
		    ,LOT_ATTR_CHG_STRT_CD = #{lotAttrChgStrtCd}
		    ,LOT_EFCT_CHK_CD = #{lotEfctChkCd}
		    ,AGV_STOCK_REPL_YN = #{agvStockReplYn}
		    ,STRT_SET_DSCR = #{strtSetDscr}
		    ,DEL_YN        = #{delYn}
		    ,MODI_USER_ID = #{modiUserId}
		    ,MODI_DTIME = current_timestamp
		WHERE CNTR_CD = #{cntrCd}
          AND WH_CD = #{whCd}
          AND STRT_SET_CD = #{strtSetCd}
	</update>
	
	<update id="deleteStrtSet" parameterType="com.oy.wms.baim.strt.set.BaimStrtVO" >
	    /* [BaimStrtMapper][deleteStrtSet] 전략세트 삭제 */
        UPDATE TB_BAIM_STRT_SET
        SET
             DEL_YN = 'Y'
            ,MODI_USER_ID = #{modiUserId}
            ,MODI_DTIME = current_timestamp
        WHERE CNTR_CD = #{cntrCd}
          AND WH_CD = #{whCd}
          AND STRT_SET_CD = #{strtSetCd}	
	</update>
	
    <select id="checkDupStrtSet" parameterType="com.oy.wms.baim.strt.set.BaimStrtVO" resultType="boolean">
        /* [BaimDistStrtMapper][checkDupDistStrt] 전략세트 중복 조회 */
        SELECT 
           (CASE WHEN EXISTS( 
                    SELECT
                        REG_USER_ID
                    FROM TB_BAIM_STRT_SET
		            WHERE CNTR_CD     = #{cntrCd}
		              AND WH_CD       = #{whCd}
		              AND STRT_SET_CD = #{strtSetCd}
               ) THEN 1 ELSE 0 END) AS IS_DUP
        FROM DUAL    
    </select>   	
	
</mapper>