<?xml version="1.0" encoding="UTF-8"?>
<!DOCTYPE mapper PUBLIC "-//mybatis.org//DTD Mapper 3.0//EN" "http://mybatis.org/dtd/mybatis-3-mapper.dtd">
<mapper namespace="com.oy.wms.baim.strt.set.lotcrt.BaimLotCrtStrtMapper">
	
	<!-- 로트생성전략설정 -->
	
	<select id="selectLotCreationStrategy" parameterType="com.oy.wms.baim.strt.set.lotcrt.BaimLotCrtStrtVO" resultType="com.oy.wms.baim.strt.set.lotcrt.BaimLotCrtStrtVO">
		/* [BaimLotCrtStrtMapper][selectLotCreationStrategy] 로트생성전략 조회 */
		SELECT 	
		     A.CNTR_CD
		    ,A.WH_CD
		    ,B.WH_NM
		    ,A.LOT_GEN_STRT_CD
		    ,A.WH_WHIB_YMD_USE_YN
		    ,A.PROD_YMD_USE_YN
		    ,A.VALID_DTIME_USE_YN
		    ,A.PROD_LOT_NO_USE_YN
		    ,A.MARK_DSCR_USE_YN
		    ,A.LOT_ATTR_1_USE_YN
		    ,A.LOT_ATTR_2_USE_YN
		    ,A.LOT_ATTR_3_USE_YN
		    ,A.LOT_ATTR_4_USE_YN
		    ,A.LOT_ATTR_5_USE_YN
		    ,A.LOT_ATTR_6_USE_YN
		    ,A.LOT_ATTR_7_USE_YN
		    ,A.LOT_ATTR_8_USE_YN
		    ,A.LOT_ATTR_9_USE_YN
		    ,A.LOT_ATTR_10_USE_YN
		    ,A.LOT_GEN_STRT_DSCR
		    ,A.DEL_YN
		FROM TB_BAIM_LOT_CREATE_STRT A
			,TB_BAIM_WARE B
		WHERE A.CNTR_CD = B.CNTR_CD
		AND A.WH_CD = B.WH_CD
		<if test='cntrCd != null and cntrCd !=""'>   
		AND A.CNTR_CD = #{cntrCd}
		</if>
		<if test='whCd != null and whCd !=""'>
		AND A.WH_CD = #{whCd}
		</if>
		<if test='lotGenStrtCd != null and lotGenStrtCd !=""'>
		AND A.LOT_GEN_STRT_CD = #{lotGenStrtCd}
		</if>
		<if test='delYn != null and delYn !=""'>
		AND A.DEL_YN = #{delYn}
		</if>
		<if test='lotGenStrtDscr != null and lotGenStrtDscr !=""'>
		AND A.LOT_GEN_STRT_DSCR LIKE '%'||#{lotGenStrtDscr}||'%'
		</if>
	  	ORDER BY A.CNTR_CD
	</select>
	
	
	<insert id="insertLotCreationStrategy" parameterType="com.oy.wms.baim.strt.set.lotcrt.BaimLotCrtStrtVO">
		/* [BaimLotCrtStrtMapper][insertLotCreationStrategy] 로트생성전략 등록 */
		INSERT INTO TB_BAIM_LOT_CREATE_STRT (
		     CNTR_CD              /* 센터코드 */
		    ,WH_CD                /* 창고코드 */
		    ,LOT_GEN_STRT_CD      /* LOT생성전략코드 */
		    ,WH_WHIB_YMD_USE_YN   /* 창고입고일자사용여부 */
		    ,PROD_YMD_USE_YN      /* 생산일자사용여부 */
		    ,VALID_DTIME_USE_YN   /* 유효일시사용여부 */
		    ,PROD_LOT_NO_USE_YN   /* 생산LOT번호사용여부 */
		    ,MARK_DSCR_USE_YN     /* 마크설명사용여부 */
		    ,LOT_ATTR_1_USE_YN    /* LOT속성1사용여부 */    
		    ,LOT_ATTR_2_USE_YN    /* LOT속성2사용여부 */
		    ,LOT_ATTR_3_USE_YN    /* LOT속성3사용여부 */
		    ,LOT_ATTR_4_USE_YN    /* LOT속성4사용여부 */
		    ,LOT_ATTR_5_USE_YN    /* LOT속성5사용여부 */
		    ,LOT_ATTR_6_USE_YN    /* LOT속성6사용여부 */
		    ,LOT_ATTR_7_USE_YN    /* LOT속성7사용여부 */  
		    ,LOT_ATTR_8_USE_YN    /* LOT속성8사용여부 */
		    ,LOT_ATTR_9_USE_YN    /* LOT속성9사용여부 */
		    ,LOT_ATTR_10_USE_YN   /* LOT속성10사용여부 */
		    ,DEL_YN               /* 삭제여부 */
		    ,LOT_GEN_STRT_DSCR    /* LOT생성전략설명 */
		    ,REG_USER_ID          /* 등록사용자ID */
		    ,REG_DTIME            /* 등록일시 */    
		    ,MODI_USER_ID         /* 수정사용자ID */
		    ,MODI_DTIME           /* 수정일시 */
		) VALUES (
		     #{cntrCd}
		    ,#{whCd}
		    ,#{lotGenStrtCd}
		    ,#{whWhibYmdUseYn}
		    ,#{prodYmdUseYn}
		    ,#{validDtimeUseYn}
		    ,#{prodLotNoUseYn}
		    ,#{markDscrUseYn}
		    ,#{lotAttr1UseYn}
		    ,#{lotAttr2UseYn}
		    ,#{lotAttr3UseYn}
		    ,#{lotAttr4UseYn}
		    ,#{lotAttr5UseYn}
		    ,#{lotAttr6UseYn}
		    ,#{lotAttr7UseYn}
		    ,#{lotAttr8UseYn}
		    ,#{lotAttr9UseYn}
		    ,#{lotAttr10UseYn}
		    ,'N'
		    ,#{lotGenStrtDscr}
		    ,#{regUserId}
		    ,current_timestamp
		    ,#{modiUserId}
		    ,current_timestamp
		)
	</insert>	
	
	
	<update id="updateLotCreationStrategy" parameterType="com.oy.wms.baim.strt.set.lotcrt.BaimLotCrtStrtVO">
		/* [BaimLotCrtStrtMapper][updateLotCreationStrategy] 로트생성전략 수정 */
		UPDATE TB_BAIM_LOT_CREATE_STRT
		SET 
		     WH_WHIB_YMD_USE_YN = #{whWhibYmdUseYn}
		    ,PROD_YMD_USE_YN = #{prodYmdUseYn}
		    ,VALID_DTIME_USE_YN = #{validDtimeUseYn}
		    ,PROD_LOT_NO_USE_YN = #{prodLotNoUseYn}
		    ,MARK_DSCR_USE_YN = #{markDscrUseYn}
		    ,LOT_ATTR_1_USE_YN = #{lotAttr1UseYn}
		    ,LOT_ATTR_2_USE_YN = #{lotAttr2UseYn}
		    ,LOT_ATTR_3_USE_YN = #{lotAttr3UseYn}
		    ,LOT_ATTR_4_USE_YN = #{lotAttr4UseYn}
		    ,LOT_ATTR_5_USE_YN = #{lotAttr5UseYn}
		    ,LOT_ATTR_6_USE_YN = #{lotAttr6UseYn}
		    ,LOT_ATTR_7_USE_YN = #{lotAttr7UseYn}
		    ,LOT_ATTR_8_USE_YN = #{lotAttr8UseYn}
		    ,LOT_ATTR_9_USE_YN = #{lotAttr9UseYn}
		    ,LOT_ATTR_10_USE_YN = #{lotAttr10UseYn}
		    ,LOT_GEN_STRT_DSCR = #{lotGenStrtDscr}
		    ,MODI_USER_ID = #{modiUserId}
		    ,MODI_DTIME = current_timestamp
		WHERE 1=1
		AND CNTR_CD               = #{cntrCd}
		AND WH_CD                 = #{whCd}
		AND LOT_GEN_STRT_CD       = #{lotGenStrtCd}
	</update>	
	
	
	<update id="deleteLotCreationStrategy" parameterType="com.oy.wms.baim.strt.set.lotcrt.BaimLotCrtStrtVO">
		/* [BaimLotCrtStrtMapper][deleteLotCreationStrategy] 로트생성전략 삭제 */
		UPDATE TB_BAIM_LOT_CREATE_STRT
		   SET DEL_YN		    = 'Y'
		   	   ,MODI_USER_ID    = #{modiUserId}
		   	   ,MODI_DTIME 	    = current_timestamp
        WHERE 1=1
        AND CNTR_CD               = #{cntrCd}
        AND WH_CD                 = #{whCd}
        AND LOT_GEN_STRT_CD       = #{lotGenStrtCd}
	</update>
	
</mapper>