<?xml version="1.0" encoding="UTF-8"?>
<!DOCTYPE mapper PUBLIC "-//mybatis.org//DTD Mapper 3.0//EN" "http://mybatis.org/dtd/mybatis-3-mapper.dtd">
<mapper namespace="com.oy.wms.baim.strt.asgn.BaimStrtAsgnMapper">

    <!-- 창고 전략설정 -->
    <select id="selectStrtWareAsgn" parameterType="com.oy.wms.baim.strt.asgn.BaimStrtAsgnVO" resultType="com.oy.wms.baim.strt.asgn.BaimStrtAsgnVO">
        /* [BaimStrtAsgnMapper][selectStrtWareAsgn] 창고-전략설정 조회 */
        SELECT
             'W' AS MNG_TYPE_CD            
            ,A.CNTR_CD
            ,C.CNTR_NM
            ,A.WH_CD
            ,D.WH_NM
            ,B.STRT_SET_CD
            ,B.STRT_SET_DSCR
            ,L1.ALLOC_STRT_CD AS BF_ALLOC_STRT_CD
            ,L1.ALLOC_STRT_DSCR AS BF_ALLOC_STRT_DSCR
            ,L.ALLOC_STRT_CD
            ,L.ALLOC_STRT_DSCR
            ,R.STOCK_REPL_STRT_CD
            ,R.STOCK_REPL_STRT_DSCR
            ,P.PUTA_STRT_CD
            ,P.PUTA_STRT_DSCR
            ,T.LOT_GEN_STRT_CD
            ,T.LOT_GEN_STRT_DSCR
            ,H.LOT_ATTR_CHG_STRT_CD
            ,H.LOT_ATTR_CHG_STRT_DSCR
            ,E.LOT_EFCT_CHK_CD
            ,E.LOT_EFCT_CHK_DSCR
            ,B.AGV_STOCK_REPL_YN
            ,A.DEL_YN
            ,A.REG_USER_ID
            ,A.REG_DTIME
            ,A.MODI_USER_ID
            ,A.MODI_DTIME
        FROM TB_BAIM_STRT_WARE A,
             TB_BAIM_STRT_SET B,
             TB_BAIM_CNTR C,
             TB_BAIM_WARE D,              
             TB_BAIM_ALOC_STRT L,
             TB_BAIM_ALOC_STRT L1,
             TB_BAIM_PUTA_STRT_M P,
             TB_BAIM_REPL_STRT R,
             TB_BAIM_LOT_EFCT_STRT E,
             TB_BAIM_LOT_CREATE_STRT T,
             TB_BAIM_LOT_ATTR_CHNG_STRT H
        WHERE A.CNTR_CD = B.CNTR_CD     AND A.WH_CD = B.WH_CD      AND A.STRT_SET_CD = B.STRT_SET_CD
          AND A.CNTR_CD = C.CNTR_CD
          AND A.CNTR_CD = D.CNTR_CD     AND A.WH_CD = D.WH_CD
          AND B.CNTR_CD = L.CNTR_CD(+)  AND B.WH_CD = L.WH_CD(+)   AND B.ALLOC_STRT_CD = L.ALLOC_STRT_CD(+)
          AND B.CNTR_CD = L1.CNTR_CD(+) AND B.WH_CD = L1.WH_CD(+)  AND B.ALLOC_STRT_CD = L1.ALLOC_STRT_CD(+)
          AND B.CNTR_CD = P.CNTR_CD(+)  AND B.WH_CD = P.WH_CD(+)   AND B.PUTA_STRT_CD = P.PUTA_STRT_CD(+)
          AND B.CNTR_CD = R.CNTR_CD(+)  AND B.WH_CD = R.WH_CD(+)   AND B.STOCK_REPL_STRT_CD = R.STOCK_REPL_STRT_CD(+)
          AND B.CNTR_CD = E.CNTR_CD(+)  AND B.WH_CD = E.WH_CD(+)   AND B.LOT_EFCT_CHK_CD = E.LOT_EFCT_CHK_CD(+)
          AND B.CNTR_CD = T.CNTR_CD(+)  AND B.WH_CD = T.WH_CD(+)   AND B.LOT_GEN_STRT_CD = T.LOT_GEN_STRT_CD(+)
          AND B.CNTR_CD = H.CNTR_CD(+)  AND B.WH_CD = H.WH_CD(+)   AND B.LOT_ATTR_CHG_STRT_CD = H.LOT_ATTR_CHG_STRT_CD(+)
          <if test="cntrCd != null and cntrCd != '' ">
          AND A.CNTR_CD = #{cntrCd}
          </if>
          <if test="whCd != null and whCd != '' ">
          AND A.WH_CD = #{whCd}
          </if>
          <if test="strtSetCd != null and strtSetCd != '' ">
          AND A.STRT_SET_CD = #{strtSetCd}
          </if>
          <if test="strtSetDscr != null and strtSetDscr != '' ">
          AND B.STRT_SET_DSCR LIKE '%' || #{strtSetDscr} || '%'
          </if>            
          <if test="delYn != null and delYn != '' ">
          AND A.DEL_YN = #{delYn}
          </if>
    </select>
    
    <update id="mergeStrtWareAsgn" parameterType="com.oy.wms.baim.strt.asgn.BaimStrtAsgnVO">
        /* [BaimStrtAsgnMapper][mergeStrtWareAsgn] 창고-전략설정 저장 */    
        MERGE INTO TB_BAIM_STRT_WARE A
        USING (
            SELECT 
                 #{cntrCd} AS CNTR_CD
                ,#{whCd} AS WH_CD
                ,#{strtSetCd} AS STRT_SET_CD
                ,#{regUserId} AS REG_USER_ID
            FROM DUAL
        ) B 
        ON (  
              A.CNTR_CD       = B.CNTR_CD 
          AND A.WH_CD         = B.WH_CD
        )
        WHEN MATCHED THEN
            UPDATE SET    
                 DEL_YN         = 'N'
                ,STRT_SET_CD    = B.STRT_SET_CD
                ,MODI_USER_ID   = B.REG_USER_ID
                ,MODI_DTIME     = current_timestamp 
        WHEN NOT MATCHED THEN
            INSERT 
            (
                 CNTR_CD
                ,WH_CD
                ,STRT_SET_CD
                ,DEL_YN
                ,REG_USER_ID
                ,MODI_USER_ID
            )
            VALUES 
            (
                 B.CNTR_CD
                ,B.WH_CD
                ,B.STRT_SET_CD
                ,'N'
                ,B.REG_USER_ID
                ,B.REG_USER_ID
            )
    </update>
    
    <update id="deleteStrtWareAsgn" parameterType="com.oy.wms.baim.strt.asgn.BaimStrtAsgnVO">
        /* [BaimStrtAsgnMapper][deleteStrtWareAsgn] 창고-전략설정 삭제 */
        UPDATE TB_BAIM_STRT_WARE 
        SET
             DEL_YN         = 'Y'
            ,MODI_USER_ID   = #{modiUserId}
            ,MODI_DTIME     = current_timestamp
        WHERE CNTR_CD     = #{cntrCd} 
          AND WH_CD       = #{whCd}  
    </update>
    
    <select id="checkDupStrtWareAsgn" parameterType="com.oy.wms.baim.strt.asgn.BaimStrtAsgnVO" resultType="boolean">
        /* [BaimStrtAsgnMapper][checkDupStrtWareAsgn] 창고-전략설정 중복조회 */
        SELECT 
           (CASE WHEN EXISTS( 
                    SELECT
                        REG_USER_ID
                    FROM TB_BAIM_STRT_WARE
			        WHERE CNTR_CD     = #{cntrCd} 
			          AND WH_CD       = #{whCd}  
               ) THEN 1 ELSE 0 END) AS IS_DUP
        FROM DUAL    
    </select>      

    <!-- 고객 전략설정 -->
    <select id="selectStrtCustAsgn" parameterType="com.oy.wms.baim.strt.asgn.BaimStrtAsgnVO" resultType="com.oy.wms.baim.strt.asgn.BaimStrtAsgnVO">
        /* [BaimStrtAsgnMapper][selectStrtCustAsgn] 고객-전략설정 조회 */
        SELECT
             'C' AS MNG_TYPE_CD            
            ,A.CNTR_CD
            ,C.CNTR_NM
            ,A.WH_CD
            ,D.WH_NM
            ,A.CUST_ID
            ,B.STRT_SET_CD
            ,B.STRT_SET_DSCR
            ,L1.ALLOC_STRT_CD AS BF_ALLOC_STRT_CD
            ,L1.ALLOC_STRT_DSCR AS BF_ALLOC_STRT_DSCR
            ,L.ALLOC_STRT_CD
            ,L.ALLOC_STRT_DSCR
            ,R.STOCK_REPL_STRT_CD
            ,R.STOCK_REPL_STRT_DSCR
            ,P.PUTA_STRT_CD
            ,P.PUTA_STRT_DSCR
            ,T.LOT_GEN_STRT_CD
            ,T.LOT_GEN_STRT_DSCR
            ,H.LOT_ATTR_CHG_STRT_CD
            ,H.LOT_ATTR_CHG_STRT_DSCR
            ,E.LOT_EFCT_CHK_CD
            ,E.LOT_EFCT_CHK_DSCR
            ,B.AGV_STOCK_REPL_YN
            ,A.DEL_YN
            ,A.REG_USER_ID
            ,A.REG_DTIME
            ,A.MODI_USER_ID
            ,A.MODI_DTIME
        FROM TB_BAIM_STRT_CUST A,
             TB_BAIM_STRT_SET B,
             TB_BAIM_CNTR C,
             TB_BAIM_WARE D,              
             TB_BAIM_ALOC_STRT L,
             TB_BAIM_ALOC_STRT L1,
             TB_BAIM_PUTA_STRT_M P,
             TB_BAIM_REPL_STRT R,
             TB_BAIM_LOT_EFCT_STRT E,
             TB_BAIM_LOT_CREATE_STRT T,
             TB_BAIM_LOT_ATTR_CHNG_STRT H
        WHERE A.CNTR_CD = B.CNTR_CD     AND A.WH_CD = B.WH_CD      AND A.STRT_SET_CD = B.STRT_SET_CD
          AND A.CNTR_CD = C.CNTR_CD
          AND A.CNTR_CD = D.CNTR_CD     AND A.WH_CD = D.WH_CD
          AND B.CNTR_CD = L.CNTR_CD(+)  AND B.WH_CD = L.WH_CD(+)   AND B.ALLOC_STRT_CD = L.ALLOC_STRT_CD(+)
          AND B.CNTR_CD = L1.CNTR_CD(+) AND B.WH_CD = L1.WH_CD(+)  AND B.ALLOC_STRT_CD = L1.ALLOC_STRT_CD(+)
          AND B.CNTR_CD = P.CNTR_CD(+)  AND B.WH_CD = P.WH_CD(+)   AND B.PUTA_STRT_CD = P.PUTA_STRT_CD(+)
          AND B.CNTR_CD = R.CNTR_CD(+)  AND B.WH_CD = R.WH_CD(+)   AND B.STOCK_REPL_STRT_CD = R.STOCK_REPL_STRT_CD(+)
          AND B.CNTR_CD = E.CNTR_CD(+)  AND B.WH_CD = E.WH_CD(+)   AND B.LOT_EFCT_CHK_CD = E.LOT_EFCT_CHK_CD(+)
          AND B.CNTR_CD = T.CNTR_CD(+)  AND B.WH_CD = T.WH_CD(+)   AND B.LOT_GEN_STRT_CD = T.LOT_GEN_STRT_CD(+)
          AND B.CNTR_CD = H.CNTR_CD(+)  AND B.WH_CD = H.WH_CD(+)   AND B.LOT_ATTR_CHG_STRT_CD = H.LOT_ATTR_CHG_STRT_CD(+)
		  <if test="cntrCd != null and cntrCd != '' ">
		  AND A.CNTR_CD = #{cntrCd}
		  </if>
		  <if test="whCd != null and whCd != '' ">
		  AND A.WH_CD = #{whCd}
		  </if>
		  <if test="strtSetCd != null and strtSetCd != '' ">
		  AND A.STRT_SET_CD = #{strtSetCd}
		  </if>
		  <if test="strtSetDscr != null and strtSetDscr != '' ">
		  AND B.STRT_SET_DSCR LIKE '%' || #{strtSetDscr} || '%'
		  </if>            
		  <if test="delYn != null and delYn != '' ">
		  AND A.DEL_YN = #{delYn}
		  </if>
    </select>
    
    <update id="mergeStrtCustAsgn" parameterType="com.oy.wms.baim.strt.asgn.BaimStrtAsgnVO">
        /* [BaimStrtAsgnMapper][mergeStrtCustAsgn] 고객-전략설정 저장 */
		MERGE INTO TB_BAIM_STRT_CUST A
		USING (
		    SELECT 
		         #{cntrCd} AS CNTR_CD
		        ,#{whCd} AS WH_CD
		        ,#{custId} AS CUST_ID
		        ,#{strtSetCd} AS STRT_SET_CD
		        ,#{regUserId} AS REG_USER_ID
		    FROM DUAL
		) B 
		ON (  
		      A.CNTR_CD       = B.CNTR_CD 
		  AND A.WH_CD         = B.WH_CD
		  AND A.CUST_ID       = B.CUST_ID
		)
		WHEN MATCHED THEN
		    UPDATE SET    
		         DEL_YN       = 'N'
		        ,STRT_SET_CD  = B.STRT_SET_CD
		        ,MODI_USER_ID = B.REG_USER_ID
		        ,MODI_DTIME   = current_timestamp 
		WHEN NOT MATCHED THEN
		    INSERT 
		    (
		         CNTR_CD
		        ,WH_CD
		        ,CUST_ID
		        ,STRT_SET_CD
		        ,DEL_YN
		        ,REG_USER_ID
		        ,MODI_USER_ID
		    )
		    VALUES 
		    (
		         B.CNTR_CD
		        ,B.WH_CD
		        ,B.CUST_ID
		        ,B.STRT_SET_CD
		        ,'N'
		        ,B.REG_USER_ID
		        ,B.REG_USER_ID
		    )
    </update>
    
    <update id="deleteStrtCustAsgn" parameterType="com.oy.wms.baim.strt.asgn.BaimStrtAsgnVO">
        /* [BaimStrtAsgnMapper][deleteStrtCustAsgn] 고객-전략설정 삭제 */
        UPDATE TB_BAIM_STRT_CUST 
        SET
			 DEL_YN          = 'Y'
			,MODI_USER_ID    = #{modiUserId}
			,MODI_DTIME      = current_timestamp
        WHERE CNTR_CD     = #{cntrCd} 
          AND WH_CD       = #{whCd} 
          AND CUST_ID     = #{custId}	
    </update>
    
    <select id="checkDupStrtCustAsgn" parameterType="com.oy.wms.baim.strt.asgn.BaimStrtAsgnVO" resultType="boolean">
        /* [BaimStrtAsgnMapper][checkDupStrtCustAsgn] 고객-전략설정 중복조회 */
        SELECT 
           (CASE WHEN EXISTS( 
                    SELECT
                        REG_USER_ID
                    FROM TB_BAIM_STRT_CUST
			        WHERE CNTR_CD     = #{cntrCd} 
			          AND WH_CD       = #{whCd} 
			          AND CUST_ID     = #{custId}   
               ) THEN 1 ELSE 0 END) AS IS_DUP
        FROM DUAL    
    </select>      
    
    <!-- 상품그룹 전략설정 -->
    <select id="selectStrtItemGrpAsgn" parameterType="com.oy.wms.baim.strt.asgn.BaimStrtAsgnVO" resultType="com.oy.wms.baim.strt.asgn.BaimStrtAsgnVO">
        /* [BaimStrtAsgnMapper][selectStrtItemGrpAsgn] 상품그룹-전략설정 조회 */
        SELECT
             'G' AS MNG_TYPE_CD            
            ,A.CNTR_CD
            ,C.CNTR_NM
            ,A.WH_CD
            ,D.WH_NM
            ,A.CUST_ID
            ,A.ITEM_GRP_CD
            ,B.STRT_SET_CD
            ,B.STRT_SET_DSCR
            ,L1.ALLOC_STRT_CD AS BF_ALLOC_STRT_CD
            ,L1.ALLOC_STRT_DSCR AS BF_ALLOC_STRT_DSCR
            ,L.ALLOC_STRT_CD
            ,L.ALLOC_STRT_DSCR
            ,R.STOCK_REPL_STRT_CD
            ,R.STOCK_REPL_STRT_DSCR
            ,P.PUTA_STRT_CD
            ,P.PUTA_STRT_DSCR
            ,T.LOT_GEN_STRT_CD
            ,T.LOT_GEN_STRT_DSCR
            ,H.LOT_ATTR_CHG_STRT_CD
            ,H.LOT_ATTR_CHG_STRT_DSCR
            ,E.LOT_EFCT_CHK_CD
            ,E.LOT_EFCT_CHK_DSCR
            ,B.AGV_STOCK_REPL_YN
            ,A.DEL_YN
            ,A.REG_USER_ID
            ,A.REG_DTIME
            ,A.MODI_USER_ID
            ,A.MODI_DTIME
        FROM TB_BAIM_STRT_ITEM_GRP A,
             TB_BAIM_STRT_SET B,
             TB_BAIM_CNTR C,
             TB_BAIM_WARE D,              
             TB_BAIM_ALOC_STRT L,
             TB_BAIM_ALOC_STRT L1,
             TB_BAIM_PUTA_STRT_M P,
             TB_BAIM_REPL_STRT R,
             TB_BAIM_LOT_EFCT_STRT E,
             TB_BAIM_LOT_CREATE_STRT T,
             TB_BAIM_LOT_ATTR_CHNG_STRT H
        WHERE A.CNTR_CD = B.CNTR_CD     AND A.WH_CD = B.WH_CD      AND A.STRT_SET_CD = B.STRT_SET_CD
          AND A.CNTR_CD = C.CNTR_CD
          AND A.CNTR_CD = D.CNTR_CD     AND A.WH_CD = D.WH_CD
          AND B.CNTR_CD = L.CNTR_CD(+)  AND B.WH_CD = L.WH_CD(+)   AND B.ALLOC_STRT_CD = L.ALLOC_STRT_CD(+)
          AND B.CNTR_CD = L1.CNTR_CD(+) AND B.WH_CD = L1.WH_CD(+)  AND B.ALLOC_STRT_CD = L1.ALLOC_STRT_CD(+)
          AND B.CNTR_CD = P.CNTR_CD(+)  AND B.WH_CD = P.WH_CD(+)   AND B.PUTA_STRT_CD = P.PUTA_STRT_CD(+)
          AND B.CNTR_CD = R.CNTR_CD(+)  AND B.WH_CD = R.WH_CD(+)   AND B.STOCK_REPL_STRT_CD = R.STOCK_REPL_STRT_CD(+)
          AND B.CNTR_CD = E.CNTR_CD(+)  AND B.WH_CD = E.WH_CD(+)   AND B.LOT_EFCT_CHK_CD = E.LOT_EFCT_CHK_CD(+)
          AND B.CNTR_CD = T.CNTR_CD(+)  AND B.WH_CD = T.WH_CD(+)   AND B.LOT_GEN_STRT_CD = T.LOT_GEN_STRT_CD(+)
          AND B.CNTR_CD = H.CNTR_CD(+)  AND B.WH_CD = H.WH_CD(+)   AND B.LOT_ATTR_CHG_STRT_CD = H.LOT_ATTR_CHG_STRT_CD(+)
		  <if test="cntrCd != null and cntrCd != '' ">
		  AND A.CNTR_CD = #{cntrCd}
		  </if>
		  <if test="whCd != null and whCd != '' ">
		  AND A.WH_CD = #{whCd}
		  </if>
		  <if test="strtSetCd != null and strtSetCd != '' ">
		  AND A.STRT_SET_CD = #{strtSetCd}
		  </if>
		  <if test="strtSetDscr != null and strtSetDscr != '' ">
		  AND B.STRT_SET_DSCR LIKE '%' || #{strtSetDscr} || '%'
		  </if>            
		  <if test="delYn != null and delYn != '' ">
		  AND A.DEL_YN = #{delYn}
		  </if>
    </select>
    
    <update id="mergeStrtItemGrpAsgn" parameterType="com.oy.wms.baim.strt.asgn.BaimStrtAsgnVO">
        /* [BaimStrtAsgnMapper][mergeStrtItemGrpAsgn] 상품그룹-전략설정 저장 */         
        MERGE INTO TB_BAIM_STRT_ITEM_GRP A
        USING (
            SELECT 
                 #{cntrCd} AS CNTR_CD
                ,#{whCd} AS WH_CD
                ,#{custId} AS CUST_ID
                ,#{itemGrpCd} AS ITEM_GRP_CD
                ,#{strtSetCd} AS STRT_SET_CD
                ,#{regUserId} AS REG_USER_ID
            FROM DUAL
        ) B 
        ON (  
              A.CNTR_CD       = B.CNTR_CD 
          AND A.WH_CD         = B.WH_CD
          AND A.CUST_ID       = B.CUST_ID
          AND A.ITEM_GRP_CD   = B.ITEM_GRP_CD
        )
        WHEN MATCHED THEN
            UPDATE SET
                 DEL_YN         = 'N'
                ,STRT_SET_CD    = B.STRT_SET_CD 
                ,MODI_USER_ID   = B.REG_USER_ID
                ,MODI_DTIME     = current_timestamp 
        WHEN NOT MATCHED THEN
            INSERT 
            (
                 CNTR_CD
                ,WH_CD
                ,CUST_ID
                ,ITEM_GRP_CD
                ,STRT_SET_CD
                ,DEL_YN
                ,REG_USER_ID
                ,MODI_USER_ID
            )
            VALUES 
            (
                 B.CNTR_CD
                ,B.WH_CD
                ,B.CUST_ID
                ,B.ITEM_GRP_CD
                ,B.STRT_SET_CD
                ,'N'
                ,B.REG_USER_ID
                ,B.REG_USER_ID
            )
    </update>
    
    <update id="deleteStrtItemGrpAsgn" parameterType="com.oy.wms.baim.strt.asgn.BaimStrtAsgnVO">
        /* [BaimStrtAsgnMapper][deleteStrtItemGrpAsgn] 상품그룹-전략설정 삭제 */
        UPDATE TB_BAIM_STRT_ITEM_GRP 
        SET
             DEL_YN          = 'Y'
            ,MODI_USER_ID    = #{modiUserId}
            ,MODI_DTIME      = current_timestamp
        WHERE CNTR_CD     = #{cntrCd} 
          AND WH_CD       = #{whCd} 
          AND CUST_ID     = #{custId} 
          AND ITEM_GRP_CD = #{itemGrpCd}  
    </update>    
    
    <select id="checkDupStrtItemGrpAsgn" parameterType="com.oy.wms.baim.strt.asgn.BaimStrtAsgnVO" resultType="boolean">
        /* [BaimStrtAsgnMapper][checkDupStrtItemGrpAsgn] 상품그룹-전략설정 중복조회 */
        SELECT 
           (CASE WHEN EXISTS( 
                    SELECT
                        REG_USER_ID
                    FROM TB_BAIM_STRT_ITEM_GRP
                    WHERE AND CNTR_CD = #{cntrCd} 
                      AND WH_CD       = #{whCd} 
                      AND CUST_ID     = #{custId} 
                      AND ITEM_GRP_CD = #{itemGrpCd}
               ) THEN 1 ELSE 0 END) AS IS_DUP
        FROM DUAL    
    </select>     
    
    <!-- 상품 전략설정 -->
    <select id="selectStrtItemAsgn" parameterType="com.oy.wms.baim.strt.asgn.BaimStrtAsgnVO" resultType="com.oy.wms.baim.strt.asgn.BaimStrtAsgnVO">
        /* [BaimStrtAsgnMapper][selectStrtItemAsgn] 상품-전략설정 조회 */
        SELECT
             'I' AS MNG_TYPE_CD            
            ,A.CNTR_CD
            ,C.CNTR_NM
            ,A.WH_CD
            ,D.WH_NM
            ,A.CUST_ID
            ,A.ITEM_GRP_CD
            ,A.ITEM_CD
            ,B.STRT_SET_CD
            ,B.STRT_SET_DSCR
            ,L1.ALLOC_STRT_CD AS BF_ALLOC_STRT_CD
            ,L1.ALLOC_STRT_DSCR AS BF_ALLOC_STRT_DSCR
            ,L.ALLOC_STRT_CD
            ,L.ALLOC_STRT_DSCR
            ,R.STOCK_REPL_STRT_CD
            ,R.STOCK_REPL_STRT_DSCR
            ,P.PUTA_STRT_CD
            ,P.PUTA_STRT_DSCR
            ,T.LOT_GEN_STRT_CD
            ,T.LOT_GEN_STRT_DSCR
            ,H.LOT_ATTR_CHG_STRT_CD
            ,H.LOT_ATTR_CHG_STRT_DSCR
            ,E.LOT_EFCT_CHK_CD
            ,E.LOT_EFCT_CHK_DSCR
            ,B.AGV_STOCK_REPL_YN
            ,A.DEL_YN
            ,A.REG_USER_ID
            ,A.REG_DTIME
            ,A.MODI_USER_ID
            ,A.MODI_DTIME
        FROM TB_BAIM_STRT_ITEM A,
             TB_BAIM_STRT_SET B,
             TB_BAIM_CNTR C,
             TB_BAIM_WARE D,              
             TB_BAIM_ALOC_STRT L,
             TB_BAIM_ALOC_STRT L1,
             TB_BAIM_PUTA_STRT_M P,
             TB_BAIM_REPL_STRT R,
             TB_BAIM_LOT_EFCT_STRT E,
             TB_BAIM_LOT_CREATE_STRT T,
             TB_BAIM_LOT_ATTR_CHNG_STRT H
        WHERE A.CNTR_CD = B.CNTR_CD     AND A.WH_CD = B.WH_CD      AND A.STRT_SET_CD = B.STRT_SET_CD
          AND A.CNTR_CD = C.CNTR_CD
          AND A.CNTR_CD = D.CNTR_CD     AND A.WH_CD = D.WH_CD
          AND B.CNTR_CD = L.CNTR_CD(+)  AND B.WH_CD = L.WH_CD(+)   AND B.ALLOC_STRT_CD = L.ALLOC_STRT_CD(+)
          AND B.CNTR_CD = L1.CNTR_CD(+) AND B.WH_CD = L1.WH_CD(+)  AND B.ALLOC_STRT_CD = L1.ALLOC_STRT_CD(+)
          AND B.CNTR_CD = P.CNTR_CD(+)  AND B.WH_CD = P.WH_CD(+)   AND B.PUTA_STRT_CD = P.PUTA_STRT_CD(+)
          AND B.CNTR_CD = R.CNTR_CD(+)  AND B.WH_CD = R.WH_CD(+)   AND B.STOCK_REPL_STRT_CD = R.STOCK_REPL_STRT_CD(+)
          AND B.CNTR_CD = E.CNTR_CD(+)  AND B.WH_CD = E.WH_CD(+)   AND B.LOT_EFCT_CHK_CD = E.LOT_EFCT_CHK_CD(+)
          AND B.CNTR_CD = T.CNTR_CD(+)  AND B.WH_CD = T.WH_CD(+)   AND B.LOT_GEN_STRT_CD = T.LOT_GEN_STRT_CD(+)
          AND B.CNTR_CD = H.CNTR_CD(+)  AND B.WH_CD = H.WH_CD(+)   AND B.LOT_ATTR_CHG_STRT_CD = H.LOT_ATTR_CHG_STRT_CD(+)
		  <if test="cntrCd != null and cntrCd != '' ">
		  AND A.CNTR_CD = #{cntrCd}
		  </if>
		  <if test="whCd != null and whCd != '' ">
		  AND A.WH_CD = #{whCd}
		  </if>
          <if test="strtSetCd != null and strtSetCd != '' ">
          AND A.STRT_SET_CD = #{strtSetCd}
          </if>
          <if test="strtSetDscr != null and strtSetDscr != '' ">
          AND B.STRT_SET_DSCR LIKE '%' || #{strtSetDscr} || '%'
          </if>            
          <if test="delYn != null and delYn != '' ">
          AND A.DEL_YN = #{delYn}
          </if>
    </select>
    
    <update id="mergeStrtItemAsgn" parameterType="com.oy.wms.baim.strt.asgn.BaimStrtAsgnVO">
        /* [BaimStrtAsgnMapper][mergeStrtItemAsgn] 상품-전략설정 저장 */
        MERGE INTO TB_BAIM_STRT_ITEM A
        USING (
            SELECT 
                 #{cntrCd} AS CNTR_CD
                ,#{whCd} AS WH_CD
                ,#{custId} AS CUST_ID
                ,#{itemGrpCd}  AS ITEM_GRP_CD 
                ,#{itemCd} AS ITEM_CD
                ,#{itemGrpCd} AS ITEM_GRP_CD
                ,#{strtSetCd} AS STRT_SET_CD
                ,#{regUserId} AS REG_USER_ID
            FROM DUAL
        ) B 
        ON (  
              A.CNTR_CD     = B.CNTR_CD 
          AND A.WH_CD       = B.WH_CD
          AND A.CUST_ID     = B.CUST_ID
          AND A.ITEM_GRP_CD = B.ITEM_GRP_CD
          AND A.ITEM_CD     = B.ITEM_CD
        )
        WHEN MATCHED THEN
            UPDATE SET
                 DEL_YN         = 'N'
                ,STRT_SET_CD    = B.STRT_SET_CD 
                ,MODI_USER_ID   = B.REG_USER_ID
                ,MODI_DTIME     = current_timestamp 
        WHEN NOT MATCHED THEN
            INSERT 
            (
                 CNTR_CD
                ,WH_CD
                ,CUST_ID
                ,ITEM_CD
                ,ITEM_GRP_CD
                ,STRT_SET_CD
                ,DEL_YN
                ,REG_USER_ID
                ,MODI_USER_ID
            )
            VALUES 
            (
                 B.CNTR_CD
                ,B.WH_CD
                ,B.CUST_ID
                ,B.ITEM_CD
                ,B.ITEM_GRP_CD
                ,B.STRT_SET_CD
                ,'N'
                ,B.REG_USER_ID
                ,B.REG_USER_ID
            )
    </update>
    
    <update id="deleteStrtItemAsgn" parameterType="com.oy.wms.baim.strt.asgn.BaimStrtAsgnVO">
        /* [BaimStrtAsgnMapper][deleteStrtItemAsgn] 상품그룹-전략 삭제 */
        UPDATE TB_BAIM_STRT_ITEM 
        SET
             DEL_YN          = 'Y'
            ,MODI_USER_ID    = #{modiUserId}
            ,MODI_DTIME      = current_timestamp
        WHERE AND CNTR_CD = #{cntrCd} 
          AND WH_CD       = #{whCd} 
          AND CUST_ID     = #{custId} 
          AND ITEM_GRP_CD = #{itemGrpCd}  
          AND ITEM_CD     = #{itemCd}  
    </update>    
    
    <select id="checkDupStrtItemAsgn" parameterType="com.oy.wms.baim.strt.asgn.BaimStrtAsgnVO" resultType="boolean">
        /* [BaimStrtAsgnMapper][checkDupStrtItemAsgn] 상품-전략설정 중복조회 */
        SELECT 
           (CASE WHEN EXISTS( 
                    SELECT
                        REG_USER_ID
                    FROM TB_BAIM_STRT_ITEM
			        WHERE AND CNTR_CD = #{cntrCd} 
			          AND WH_CD       = #{whCd} 
			          AND CUST_ID     = #{custId} 
			          AND ITEM_GRP_CD = #{itemGrpCd}  
			          AND ITEM_CD     = #{itemCd}  
               ) THEN 1 ELSE 0 END) AS IS_DUP
        FROM DUAL    
    </select>    
    
</mapper>


