<?xml version="1.0" encoding="UTF-8" ?>
<!DOCTYPE mapper
        PUBLIC "-//mybatis.org//DTD Mapper 3.0//EN"
        "http://mybatis.org/dtd/mybatis-3-mapper.dtd">
<mapper namespace="com.oy.wms.sample.crud.mybatis.SampleMybatisMapper">
	<select id="getList" parameterType="SampleVo" resultType="SampleVo">
		SELECT user_id
		, user_name
		FROM user
		order by user_id asc
	</select>
	
	<select id="get" parameterType="SampleVo" resultType="SampleVo">
		SELECT user_id
		, user_name
		FROM user
		WHERE user_id = #{userId}
	</select>

	<insert id="put" parameterType="SampleVo">
		INSERT INTO user (
		user_id
		, user_name
		)
		VALUES (
		 #{userId}
		, #{userName}
		)
	</insert>

	<update id="set" parameterType="SampleVo">
		UPDATE user
		SET user_name = #{userName}
		WHERE user_id = #{userId}
	</update>

	<delete id="del" parameterType="SampleVo">
		DELETE FROM user
		WHERE user_id = #{userId}
	</delete>

	<select id="getNm" parameterType="SampleVo" resultType="SampleVo">
		SELECT user_id
		, user_name
		FROM user
		WHERE lower(user_name) like lower('%'||#{userName}||'%')
	</select>
</mapper>