{
	"name": "LibExt",
	"version": "1.0.0.0",
	"description": "Library for nexacro platform17",
	"license": "",
	"scripts": [
		"LibExt/Component.js",
		"LibExt/Dataset.js",
		"LibExt/Date.js",
		"LibExt/Excel.js",
		"LibExt/Frame.js",
		"LibExt/Grid.js",
		"LibExt/GridCopyPaste.js",
		"LibExt/GridOnload.js",
		"LibExt/GridUtil.js",
		"LibExt/Message.js",
		"LibExt/Number.js",
		"LibExt/Popup.js",
		"LibExt/String.js",
		"LibExt/Transaction.js",
		"LibExt/Util.js",
		"LibExt/Validation.js",
		"LibExt/Web.js"		
	]
}