﻿<?xml version="1.0" encoding="utf-8"?>
<AppVariables version="2.0">
  <Datasets>
    <Dataset id="gdsMenu">
      <ColumnInfo>
        <Column id="menuId" type="STRING" size="20"/>
        <Column id="menuNm" type="STRING" size="100"/>
        <Column id="upMenuId" type="STRING" size="20"/>
        <Column id="menuLvl" type="BIGDECIMAL" size="45"/>
        <Column id="menuPath" type="STRING" size="65532"/>
        <Column id="menuImg" type="STRING" size="256"/>
        <Column id="pgmUrl" type="STRING" size="50"/>
        <Column id="favoYn" type="STRING" size="256"/>
        <Column id="visibleYn" type="STRING" size="256"/>
      </ColumnInfo>
      <Rows>
        <Row>
          <Col id="menuId">M10000000</Col>
          <Col id="menuNm">고객관리</Col>
          <Col id="upMenuId">M0</Col>
          <Col id="menuLvl">0</Col>
          <Col id="menuPath">고객관리</Col>
          <Col id="pgmUrl"/>
          <Col id="menuImg">url('theme://images/rdo_WF_Radio_DS.png')</Col>
        </Row>
        <Row>
          <Col id="menuId">M11000000</Col>
          <Col id="menuNm">고객정보관리</Col>
          <Col id="upMenuId">M10000000</Col>
          <Col id="menuLvl">1</Col>
          <Col id="menuPath">고객관리 &gt; 고객정보관리</Col>
          <Col id="pgmUrl"/>
        </Row>
        <Row>
          <Col id="menuId">M11000001</Col>
          <Col id="menuNm">고객정보</Col>
          <Col id="upMenuId">M11000000</Col>
          <Col id="menuLvl">2</Col>
          <Col id="menuPath">고객관리 &gt; 고객정보관리 &gt; 고객정보</Col>
          <Col id="pgmUrl">CST::BCU1100M.xfdl</Col>
        </Row>
        <Row>
          <Col id="menuId">M12000000</Col>
          <Col id="menuNm">마케팅관리</Col>
          <Col id="upMenuId">M10000000</Col>
          <Col id="menuLvl">1</Col>
          <Col id="menuPath">고객관리 &gt; 마케팅관리</Col>
          <Col id="pgmUrl"/>
        </Row>
        <Row>
          <Col id="menuId">M12000001</Col>
          <Col id="menuNm">고객사담당자</Col>
          <Col id="upMenuId">M12000000</Col>
          <Col id="menuLvl">2</Col>
          <Col id="menuPath">고객관리 &gt; 마케팅관리 &gt; 고객사담당자</Col>
          <Col id="pgmUrl">CST::BCU1300M.xfdl</Col>
        </Row>
      </Rows>
    </Dataset>
    <Dataset id="gdsMenuSample">
      <ColumnInfo>
        <Column id="menuId" type="STRING" size="20"/>
        <Column id="menuNm" type="STRING" size="100"/>
        <Column id="upMenuId" type="STRING" size="20"/>
        <Column id="menuLvl" type="BIGDECIMAL" size="45"/>
        <Column id="menuPath" type="STRING" size="65532"/>
        <Column id="menuImg" type="STRING" size="256"/>
        <Column id="pgmUrl" type="STRING" size="50"/>
        <Column id="favoYn" type="STRING" size="256"/>
        <Column id="visibleYn" type="STRING" size="256"/>
      </ColumnInfo>
      <Rows>
        <Row>
          <Col id="menuId">S101</Col>
          <Col id="menuNm">개발참고용 샘플</Col>
          <Col id="menuLvl">0</Col>
          <Col id="pgmUrl"/>
          <Col id="menuImg">URL("theme://images/img_LF_Greetings.png")</Col>
        </Row>
        <Row>
          <Col id="menuNm">개발Script 표준</Col>
          <Col id="upMenuId">S101</Col>
          <Col id="menuLvl">1</Col>
          <Col id="menuPath">샘플 &gt; 개발Script 표준</Col>
          <Col id="pgmUrl">Sample::Sample_CRUD.xfdl</Col>
          <Col id="menuId">S10200</Col>
        </Row>
        <Row>
          <Col id="menuNm">일자관련 함수 모음집</Col>
          <Col id="upMenuId">S101</Col>
          <Col id="menuLvl">1</Col>
          <Col id="menuPath">샘플 &gt; Sample_DateApi</Col>
          <Col id="pgmUrl">Sample::Sample_CalendarApi.xfdl</Col>
          <Col id="menuId">S10300</Col>
        </Row>
        <Row>
          <Col id="menuNm">달력선택 사용하기</Col>
          <Col id="upMenuId">S101</Col>
          <Col id="menuLvl">1</Col>
          <Col id="menuPath">샘플 &gt; 달력선택 사용하기</Col>
          <Col id="pgmUrl">Sample::Sample_CalendarPopupDiv.xfdl</Col>
          <Col id="menuId">S10400</Col>
        </Row>
        <Row>
          <Col id="menuId">S10500</Col>
          <Col id="menuNm">공통코드 팝업창 연동</Col>
          <Col id="upMenuId">S101</Col>
          <Col id="menuLvl">1</Col>
          <Col id="menuPath">샘플 &gt; 공통코드 팝업창 연동</Col>
          <Col id="pgmUrl">Sample::Sample_CommCodeSearchPopup.xfdl</Col>
        </Row>
        <Row>
          <Col id="menuId">S10600</Col>
          <Col id="menuNm">공통코드 dataset 조회</Col>
          <Col id="upMenuId">S101</Col>
          <Col id="menuLvl">1</Col>
          <Col id="menuPath">샘플 &gt; 공통코드 dataset 조회</Col>
          <Col id="pgmUrl">Sample::Sample_CommonCode.xfdl</Col>
        </Row>
        <Row>
          <Col id="menuId">S10610</Col>
          <Col id="menuNm">Dynamic Component 처리</Col>
          <Col id="upMenuId">S101</Col>
          <Col id="menuLvl">1</Col>
          <Col id="menuPath">샘플 &gt; Dynamic Component 처리</Col>
          <Col id="pgmUrl">Sample::Sample_CompCreateBindResize.xfdl</Col>
        </Row>
        <Row>
          <Col id="menuId">S10700</Col>
          <Col id="menuNm">그리드 상하콤보</Col>
          <Col id="upMenuId">S101</Col>
          <Col id="menuLvl">1</Col>
          <Col id="menuPath">샘플 &gt; 그리드 상하콤보</Col>
          <Col id="pgmUrl">Sample::Sample_GridComboFilter.xfdl</Col>
        </Row>
        <Row>
          <Col id="menuId">S10750</Col>
          <Col id="menuNm">그리드 Display.EditType 속성</Col>
          <Col id="upMenuId">S101</Col>
          <Col id="menuLvl">1</Col>
          <Col id="menuPath">샘플 &gt; 그리드 Display.EditType 속성</Col>
          <Col id="pgmUrl">Sample::Sample_GridDisplayEditType.xfdl</Col>
        </Row>
        <Row>
          <Col id="menuId">S10800</Col>
          <Col id="menuNm">Dynamic Grid(format방식)</Col>
          <Col id="upMenuId">S101</Col>
          <Col id="menuLvl">1</Col>
          <Col id="menuPath">샘플 &gt; Dynamic Grid(format방식)</Col>
          <Col id="pgmUrl">Sample::Sample_GridDynamic5.xfdl</Col>
        </Row>
        <Row>
          <Col id="menuId">S10900</Col>
          <Col id="menuNm">Dynamic Grid(append방식)</Col>
          <Col id="upMenuId">S101</Col>
          <Col id="menuLvl">1</Col>
          <Col id="menuPath">샘플 &gt; Dynamic Grid(append방식)</Col>
          <Col id="pgmUrl">Sample::Sample_GridDynamic6.xfdl</Col>
        </Row>
        <Row>
          <Col id="menuId">S10910</Col>
          <Col id="menuNm">그리드 Expression사용</Col>
          <Col id="upMenuId">S101</Col>
          <Col id="menuLvl">1</Col>
          <Col id="menuPath">샘플 &gt; 그리드 Expression사용</Col>
          <Col id="pgmUrl">Sample::Sample_GridExpression.xfdl</Col>
        </Row>
        <Row>
          <Col id="menuId">S10950</Col>
          <Col id="menuNm">그리드 MaskFormat</Col>
          <Col id="upMenuId">S101</Col>
          <Col id="menuLvl">1</Col>
          <Col id="menuPath">샘플 &gt; 그리드 MaskFormat</Col>
          <Col id="pgmUrl">Sample::Sample_GridMaskFormat.xfdl</Col>
        </Row>
        <Row>
          <Col id="menuNm">그리드 개인화</Col>
          <Col id="upMenuId">S101</Col>
          <Col id="menuLvl">1</Col>
          <Col id="menuPath">샘플 &gt; 그리드 개인화</Col>
          <Col id="pgmUrl">Sample::Sample_GridPersonalization.xfdl</Col>
          <Col id="menuId">S11000</Col>
        </Row>
        <Row>
          <Col id="menuNm">그리드 소계.중계.합계</Col>
          <Col id="upMenuId">S101</Col>
          <Col id="menuLvl">1</Col>
          <Col id="menuPath">샘플 &gt; 그리드 소계.중계.합계</Col>
          <Col id="pgmUrl">Sample::Sample_GridSum.xfdl</Col>
          <Col id="menuId">S11100</Col>
        </Row>
        <Row>
          <Col id="menuNm">그리드 UserProperty</Col>
          <Col id="upMenuId">S101</Col>
          <Col id="menuLvl">1</Col>
          <Col id="menuPath">샘플 &gt; 그리드 UserProperty</Col>
          <Col id="pgmUrl">Sample::Sample_GridUserProperty.xfdl</Col>
          <Col id="menuId">S11200</Col>
        </Row>
        <Row>
          <Col id="menuId">S11300</Col>
          <Col id="menuNm">다국어</Col>
          <Col id="upMenuId">S101</Col>
          <Col id="menuLvl">1</Col>
          <Col id="menuPath">샘플 &gt; 다국어</Col>
          <Col id="pgmUrl">Sample::Sample_MultiLanguage.xfdl</Col>
        </Row>
        <Row>
          <Col id="menuId">S11400</Col>
          <Col id="menuNm">팝업창 호출</Col>
          <Col id="upMenuId">S101</Col>
          <Col id="menuLvl">1</Col>
          <Col id="menuPath">샘플 &gt; 팝업창호출</Col>
          <Col id="pgmUrl">Sample::Sample_PopupCall.xfdl</Col>
        </Row>
        <Row>
          <Col id="menuId">S11500</Col>
          <Col id="menuNm">rMateChart(html5)</Col>
          <Col id="upMenuId">S101</Col>
          <Col id="menuLvl">1</Col>
          <Col id="menuPath">샘플 &gt; rMateChart(html5)</Col>
          <Col id="pgmUrl">Sample::Sample_rMateChartHtml5.xfdl</Col>
        </Row>
        <Row>
          <Col id="menuId">S11501</Col>
          <Col id="menuNm">rMateMapChart(html5)</Col>
          <Col id="upMenuId">S101</Col>
          <Col id="menuLvl">1</Col>
          <Col id="menuPath">샘플 &gt; rMateMapChart(html5)</Col>
          <Col id="pgmUrl">Sample::Sample_rMateMapHtml5.xfdl</Col>
        </Row>
        <Row>
          <Col id="menuId">S11600</Col>
          <Col id="menuNm">Dataset Validation</Col>
          <Col id="upMenuId">S101</Col>
          <Col id="menuLvl">1</Col>
          <Col id="menuPath">샘플 &gt; Dataset Validation</Col>
          <Col id="pgmUrl">Sample::Sample_Validation.xfdl</Col>
        </Row>
      </Rows>
    </Dataset>
    <Dataset id="gdsOpenMenu">
      <ColumnInfo>
        <Column id="menuId" type="STRING" size="20"/>
        <Column id="menuNm" type="STRING" size="100"/>
        <Column id="upMenuId" type="STRING" size="20"/>
        <Column id="menuLvl" type="BIGDECIMAL" size="45"/>
        <Column id="menuPath" type="STRING" size="65532"/>
        <Column id="pgmUrl" type="STRING" size="50"/>
      </ColumnInfo>
    </Dataset>
    <Dataset id="gdsGridPopupMenu">
      <ColumnInfo>
        <Column id="id" type="STRING" size="256"/>
        <Column id="level" type="STRING" size="256"/>
        <Column id="caption" type="STRING" size="256"/>
        <Column id="captionEn" type="STRING" size="256"/>
        <Column id="enable" type="STRING" size="256"/>
        <Column id="userdata" type="STRING" size="256"/>
        <Column id="upmenu" type="STRING" size="256"/>
      </ColumnInfo>
      <Rows>
        <Row>
          <Col id="id">shapefix</Col>
          <Col id="level">0</Col>
          <Col id="caption">틀고정</Col>
          <Col id="enable">true</Col>
          <Col id="userdata">0</Col>
          <Col id="captionEn">shape fix</Col>
          <Col id="upmenu"/>
        </Row>
        <Row>
          <Col id="id">colfix</Col>
          <Col id="level">1</Col>
          <Col id="caption">열고정</Col>
          <Col id="enable">true</Col>
          <Col id="userdata">0</Col>
          <Col id="upmenu">shapefix</Col>
          <Col id="captionEn">column fix</Col>
        </Row>
        <Row>
          <Col id="id">colfixfree</Col>
          <Col id="level">1</Col>
          <Col id="caption">열고정해제</Col>
          <Col id="enable">true</Col>
          <Col id="userdata">0</Col>
          <Col id="upmenu">shapefix</Col>
          <Col id="captionEn">column fix free</Col>
        </Row>
        <Row>
          <Col id="id">rowfix</Col>
          <Col id="level">1</Col>
          <Col id="caption">행고정</Col>
          <Col id="enable">true</Col>
          <Col id="userdata">0</Col>
          <Col id="upmenu">shapefix</Col>
          <Col id="captionEn">row fix</Col>
        </Row>
        <Row>
          <Col id="id">rowfixfree</Col>
          <Col id="level">1</Col>
          <Col id="caption">행고정해제</Col>
          <Col id="enable">true</Col>
          <Col id="userdata">0</Col>
          <Col id="upmenu">shapefix</Col>
          <Col id="captionEn">row fix free</Col>
        </Row>
        <Row>
          <Col id="level">0</Col>
          <Col id="caption">-</Col>
          <Col id="enable">false</Col>
          <Col id="userdata">0</Col>
          <Col id="id"/>
          <Col id="captionEn"/>
          <Col id="upmenu"/>
        </Row>
        <Row>
          <Col id="id">filter</Col>
          <Col id="level">0</Col>
          <Col id="caption">그리드필터</Col>
          <Col id="enable">true</Col>
          <Col id="userdata">0</Col>
          <Col id="captionEn">grid filter</Col>
          <Col id="upmenu"/>
        </Row>
        <Row>
          <Col id="id">filterfree</Col>
          <Col id="level">0</Col>
          <Col id="caption">그리드필터 해제</Col>
          <Col id="enable">true</Col>
          <Col id="userdata">0</Col>
          <Col id="captionEn">grid filter free</Col>
          <Col id="upmenu"/>
        </Row>
        <Row>
          <Col id="level">0</Col>
          <Col id="caption">-</Col>
          <Col id="enable">false</Col>
          <Col id="userdata">0</Col>
          <Col id="captionEn"/>
          <Col id="upmenu"/>
          <Col id="id"/>
        </Row>
        <Row>
          <Col id="id">find</Col>
          <Col id="level">0</Col>
          <Col id="caption">찾기</Col>
          <Col id="enable">false</Col>
          <Col id="userdata">0</Col>
          <Col id="captionEn">find</Col>
          <Col id="upmenu"/>
        </Row>
        <Row>
          <Col id="id">colhide</Col>
          <Col id="level">0</Col>
          <Col id="caption">컬럼 숨기기/보이기</Col>
          <Col id="enable">true</Col>
          <Col id="userdata">0</Col>
          <Col id="captionEn">column show/hide</Col>
          <Col id="upmenu"/>
        </Row>
        <Row>
          <Col id="level">0</Col>
          <Col id="caption">-</Col>
          <Col id="enable">false</Col>
          <Col id="userdata">0</Col>
          <Col id="id"/>
          <Col id="upmenu"/>
          <Col id="captionEn"/>
        </Row>
        <Row>
          <Col id="id">excel</Col>
          <Col id="level">0</Col>
          <Col id="caption">엑셀</Col>
          <Col id="enable">true</Col>
          <Col id="userdata">0</Col>
          <Col id="captionEn">excel</Col>
          <Col id="upmenu"/>
        </Row>
        <Row>
          <Col id="id">export</Col>
          <Col id="level">1</Col>
          <Col id="caption">내보내기</Col>
          <Col id="enable">true</Col>
          <Col id="userdata">0</Col>
          <Col id="upmenu">excel</Col>
          <Col id="captionEn">export</Col>
        </Row>
        <Row>
          <Col id="id">import</Col>
          <Col id="level">1</Col>
          <Col id="caption">가져오기</Col>
          <Col id="enable">true</Col>
          <Col id="userdata">0</Col>
          <Col id="upmenu">excel</Col>
          <Col id="captionEn">import</Col>
        </Row>
        <Row>
          <Col id="level">0</Col>
          <Col id="caption">-</Col>
          <Col id="enable">false</Col>
          <Col id="userdata">0</Col>
          <Col id="id"/>
          <Col id="upmenu"/>
          <Col id="captionEn"/>
        </Row>
        <Row>
          <Col id="id">personal</Col>
          <Col id="level">0</Col>
          <Col id="caption">현재포맷저장</Col>
          <Col id="enable">false</Col>
          <Col id="userdata">0</Col>
          <Col id="upmenu"/>
          <Col id="captionEn"/>
        </Row>
        <Row>
          <Col id="id">initial</Col>
          <Col id="level">0</Col>
          <Col id="caption">초기상태로</Col>
          <Col id="enable">false</Col>
          <Col id="userdata">0</Col>
          <Col id="upmenu"/>
          <Col id="captionEn"/>
        </Row>
        <Row>
          <Col id="level">0</Col>
          <Col id="userdata">0</Col>
          <Col id="enable">false</Col>
          <Col id="id"/>
          <Col id="caption"/>
          <Col id="upmenu"/>
          <Col id="captionEn"/>
        </Row>
        <Row>
          <Col id="id">filedown</Col>
          <Col id="level">0</Col>
          <Col id="userdata">0</Col>
          <Col id="enable">false</Col>
          <Col id="caption">파일다운로드</Col>
          <Col id="upmenu"/>
          <Col id="captionEn"/>
        </Row>
        <Row>
          <Col id="id">filepreview</Col>
          <Col id="level">0</Col>
          <Col id="userdata">0</Col>
          <Col id="enable">false</Col>
          <Col id="caption">파일미리보기</Col>
          <Col id="upmenu"/>
          <Col id="captionEn"/>
        </Row>
      </Rows>
    </Dataset>
    <Dataset id="gdsMsgSys">
      <ColumnInfo>
        <Column id="msgId" type="STRING" size="20"/>
        <Column id="msgNm" type="STRING" size="500"/>
        <Column id="msgType" type="STRING" size="20"/>
      </ColumnInfo>
      <Rows>
        <Row>
          <Col id="msgId">MSG1000</Col>
          <Col id="msgNm">{0}</Col>
          <Col id="msgType">A</Col>
        </Row>
        <Row>
          <Col id="msgId">MSG1001</Col>
          <Col id="msgNm">저장 되었습니다.</Col>
          <Col id="msgType">A</Col>
        </Row>
        <Row>
          <Col id="msgId">MSG1002</Col>
          <Col id="msgNm">선택된 ROW가 없습니다.</Col>
          <Col id="msgType">A</Col>
        </Row>
        <Row>
          <Col id="msgId">MSG1003</Col>
          <Col id="msgNm">No data to display</Col>
          <Col id="msgType">A</Col>
        </Row>
        <Row>
          <Col id="msgId">MSG1004</Col>
          <Col id="msgNm">변경된 내역이 없습니다.</Col>
          <Col id="msgType">A</Col>
        </Row>
        <Row>
          <Col id="msgId">MSG1005</Col>
          <Col id="msgNm">날짜형식에 맞지 않습니다.</Col>
          <Col id="msgType">A</Col>
        </Row>
        <Row>
          <Col id="msgId">MSG1006</Col>
          <Col id="msgNm">최대 {0}이내만 조회할 수 있습니다.</Col>
          <Col id="msgType">A</Col>
        </Row>
        <Row>
          <Col id="msgId">MSG1007</Col>
          <Col id="msgNm">{0} 을(를) 선택해 주십시요.</Col>
          <Col id="msgType">A</Col>
        </Row>
        <Row>
          <Col id="msgId">MSG1008</Col>
          <Col id="msgNm">날짜의 입력 가능 범위를 벗어났습니다.</Col>
          <Col id="msgType">A</Col>
        </Row>
        <Row>
          <Col id="msgId">MSG1009</Col>
          <Col id="msgNm">종료일이 시작일보다 빠릅니다.</Col>
          <Col id="msgType">A</Col>
        </Row>
        <Row>
          <Col id="msgId">MSG1010</Col>
          <Col id="msgNm">{0}개 이상 선택 할 수 없습니다.</Col>
          <Col id="msgType">A</Col>
        </Row>
        <Row>
          <Col id="msgId">MSG1011</Col>
          <Col id="msgNm">처리 되었습니다.</Col>
          <Col id="msgType">A</Col>
        </Row>
        <Row>
          <Col id="msgId">MSG1012</Col>
          <Col id="msgNm">프로세스가 실패하였습니다</Col>
          <Col id="msgType">A</Col>
        </Row>
        <Row>
          <Col id="msgId">MSG1014</Col>
          <Col id="msgNm">지정된 조건에 해당하는 항목을 찾을 수 없습니다.</Col>
          <Col id="msgType">A</Col>
        </Row>
        <Row>
          <Col id="msgId">MSG1015</Col>
          <Col id="msgNm">{0}는 중복된 파일이 존재합니다.</Col>
          <Col id="msgType">A</Col>
        </Row>
        <Row>
          <Col id="msgId">MSG1016</Col>
          <Col id="msgNm">{0}은(는) 허용되지 않는 확장자입니다. [{1}]</Col>
          <Col id="msgType">A</Col>
        </Row>
        <Row>
          <Col id="msgId">MSG1017</Col>
          <Col id="msgNm">첨부 파일은 {0}개 이상 등록 할 수 없습니다.</Col>
          <Col id="msgType">A</Col>
        </Row>
        <Row>
          <Col id="msgId">MSG1018</Col>
          <Col id="msgNm">다운로드를 실패했습니다.</Col>
          <Col id="msgType">A</Col>
        </Row>
        <Row>
          <Col id="msgId">MSG1020</Col>
          <Col id="msgNm">첨부 파일 최대 용량은 {0}까지 입니다.</Col>
          <Col id="msgType">A</Col>
        </Row>
        <Row>
          <Col id="msgId">MSG1021</Col>
          <Col id="msgNm">파일이 존재하지 않습니다.</Col>
          <Col id="msgType">A</Col>
        </Row>
        <Row>
          <Col id="msgId">MSG1022</Col>
          <Col id="msgNm">파일저장에 실패했습니다.</Col>
          <Col id="msgType">A</Col>
        </Row>
        <Row>
          <Col id="msgId">MSG1023</Col>
          <Col id="msgNm">해당 파일은 이미 존재 합니다.</Col>
          <Col id="msgType">A</Col>
        </Row>
        <Row>
          <Col id="msgId">MSG1024</Col>
          <Col id="msgNm">해당페이지에 대한 권한이 없습니다. 관리자에게 문의 바랍니다.</Col>
          <Col id="msgType">A</Col>
        </Row>
        <Row>
          <Col id="msgId">MSG1025</Col>
          <Col id="msgNm">해당 브라우저에서는 지원하지 않는 기능입니다.</Col>
          <Col id="msgType">A</Col>
        </Row>
        <Row>
          <Col id="msgId">MSG1026</Col>
          <Col id="msgNm">{0}개 이상 선택 할 수 없습니다.</Col>
          <Col id="msgType">A</Col>
        </Row>
        <Row>
          <Col id="msgId">MSG1027</Col>
          <Col id="msgNm">시스템 오류가 발생하였습니다.</Col>
          <Col id="msgType">A</Col>
        </Row>
        <Row>
          <Col id="msgId">MSG1028</Col>
          <Col id="msgNm">{0} 정보가 존재하지 않습니다.</Col>
          <Col id="msgType">A</Col>
        </Row>
        <Row>
          <Col id="msgNm">변경된 내역을 저장 후 작업하세요.</Col>
          <Col id="msgType">A</Col>
          <Col id="msgId">MSG1029</Col>
        </Row>
        <Row>
          <Col id="msgId">MSG1030</Col>
          <Col id="msgNm">인증된 파일형식이 아닙니다.</Col>
          <Col id="msgType">A</Col>
        </Row>
        <Row>
          <Col id="msgId">MSG1031</Col>
          <Col id="msgNm">시스템 미사용시간이 만료(30분)되었습니다.\n시스템을 종료합니다.</Col>
          <Col id="msgType">A</Col>
        </Row>
        <Row>
          <Col id="msgId">----------------------</Col>
          <Col id="msgNm">---------------------- confirm --</Col>
        </Row>
        <Row>
          <Col id="msgId">MSG1201</Col>
          <Col id="msgNm">저장 하시겠습니까?</Col>
          <Col id="msgType">C</Col>
        </Row>
        <Row>
          <Col id="msgId">MSG1203</Col>
          <Col id="msgNm">변경된 데이터가 있습니다. \n전체 화면을 닫겠습니까?</Col>
          <Col id="MSG_NM">C</Col>
          <Col id="msgType">C</Col>
        </Row>
        <Row>
          <Col id="msgId">MSG1204</Col>
          <Col id="msgNm">변경된 데이터가 있습니다. \n계속 진행하시겠습니까?</Col>
          <Col id="MSG_NM">C</Col>
          <Col id="msgType">C</Col>
        </Row>
        <Row>
          <Col id="msgId">MSG1205</Col>
          <Col id="msgNm">변경된 데이터가 있습니다. \n현재 화면을 닫겠습니까?</Col>
          <Col id="msgType">C</Col>
        </Row>
        <Row>
          <Col id="msgId">MSG1206</Col>
          <Col id="msgNm">화면이 초기화됩니다. \n계속 진행하시겠습니까?</Col>
          <Col id="msgType">C</Col>
        </Row>
        <Row>
          <Col id="msgId">MSG1207</Col>
          <Col id="msgNm">변경된 데이터가 있습니다. \n화면을 다시 여시겠습니까?</Col>
          <Col id="msgType">C</Col>
        </Row>
        <Row>
          <Col id="msgId">MSG1208</Col>
          <Col id="msgNm">삭제 하시겠습니까?</Col>
          <Col id="msgType">C</Col>
        </Row>
        <Row>
          <Col id="msgId">MSG1209</Col>
          <Col id="msgNm">로그아웃 하시겠습니까?</Col>
          <Col id="msgType">C</Col>
        </Row>
        <Row>
          <Col id="msgNm">모든 화면이 닫힙니다. 계속하시겠습니까?</Col>
          <Col id="msgId">MSG1210</Col>
          <Col id="msgType">C</Col>
        </Row>
        <Row>
          <Col id="msgNm">로그인 세션을 연장하시겠습니까?</Col>
          <Col id="msgId">MSG1211</Col>
          <Col id="msgType">C</Col>
        </Row>
        <Row>
          <Col id="msgId">MSG1212</Col>
          <Col id="msgNm">선택된 row를 삭제하시겠습니까?</Col>
          <Col id="msgType">C</Col>
        </Row>
        <Row>
          <Col id="msgNm">잠시 후 사용시간이 만료 됩니다.\n만료시간을 연장하시겠습니까?</Col>
          <Col id="msgId">MSG1213</Col>
          <Col id="msgType">C</Col>
        </Row>
        <Row>
          <Col id="msgId">----------------------</Col>
          <Col id="msgNm">----------------------validation 에서 사용용 ----</Col>
        </Row>
        <Row>
          <Col id="msgId">MSG1301</Col>
          <Col id="msgNm">{0}은(는) 필수 입력 항목입니다.</Col>
          <Col id="msgType">A</Col>
        </Row>
        <Row>
          <Col id="msgId">MSG1302</Col>
          <Col id="msgNm">{0}은(는) 숫자만 입력 가능합니다.</Col>
          <Col id="msgType">A</Col>
        </Row>
        <Row>
          <Col id="msgId">MSG1303</Col>
          <Col id="msgNm">[{0}] 중복된 데이터가 존재합니다.</Col>
          <Col id="msgType">A</Col>
        </Row>
        <Row>
          <Col id="msgId">MSG1304</Col>
          <Col id="msgNm">{0}의 입력값은 {1}자리이어야 합니다.</Col>
          <Col id="msgType">A</Col>
        </Row>
        <Row>
          <Col id="msgId">MSG1305</Col>
          <Col id="msgNm">{0}은(는) {1}와(과) {2}사이의 자리이어야 합니다.</Col>
          <Col id="msgType">A</Col>
        </Row>
        <Row>
          <Col id="msgId">MSG1306</Col>
          <Col id="msgNm">{0}의 입력값의 길이는 {1}이하이어야 합니다.</Col>
          <Col id="msgType">A</Col>
        </Row>
        <Row>
          <Col id="msgId">MSG1307</Col>
          <Col id="msgNm">{0}의 입력값의 길이는 {1}이상이어야 합니다.</Col>
          <Col id="msgType">A</Col>
        </Row>
        <Row>
          <Col id="msgId">MSG1308</Col>
          <Col id="msgNm">{0}은(는) 숫자만 입력 가능합니다.</Col>
          <Col id="msgType">A</Col>
        </Row>
        <Row>
          <Col id="msgId">MSG1309</Col>
          <Col id="msgNm">{0}은(는) {1}이상의 숫자만 입력 가능합니다.</Col>
          <Col id="msgType">A</Col>
        </Row>
        <Row>
          <Col id="msgId">MSG1310</Col>
          <Col id="msgNm">{0}은(는) {1}이하의 숫자만 입력 가능합니다.</Col>
          <Col id="msgType">A</Col>
        </Row>
        <Row>
          <Col id="msgId">MSG1311</Col>
          <Col id="msgNm">{0}은(는) 유효하지 않은 날짜 형식입니다.</Col>
          <Col id="msgType">A</Col>
        </Row>
        <Row>
          <Col id="msgId">MSG1312</Col>
          <Col id="msgNm">{0}은(는) 유효하지 않은 년월 형식입니다.</Col>
          <Col id="msgType">A</Col>
        </Row>
        <Row>
          <Col id="msgId">MSG1313</Col>
          <Col id="msgNm">{0}의 날짜가 {1}의 날짜보다 작습니다.</Col>
          <Col id="msgType">A</Col>
        </Row>
        <Row>
          <Col id="msgId">MSG1314</Col>
          <Col id="msgNm">{0}이(가) {1}보다 작습니다.</Col>
          <Col id="msgType">A</Col>
        </Row>
        <Row>
          <Col id="msgId">MSG1315</Col>
          <Col id="msgNm">{0}이(가) {1}보다 큽니다.</Col>
          <Col id="msgType">A</Col>
        </Row>
        <Row>
          <Col id="msgId">MSG1316</Col>
          <Col id="msgNm">{0}이(가) {1}와(과) 일치하지 않습니다.</Col>
          <Col id="msgType">A</Col>
        </Row>
        <Row>
          <Col id="msgId">MSG1317</Col>
          <Col id="msgNm">{0}은(는) {1}와(과) {2}사이의 값입니다.</Col>
          <Col id="msgType">A</Col>
        </Row>
        <Row>
          <Col id="msgId">MSG1318</Col>
          <Col id="msgNm">{0}은(는) 소숫점 {1}자리로 구성되어야 합니다.</Col>
          <Col id="msgType">A</Col>
        </Row>
        <Row>
          <Col id="msgId">MSG1319</Col>
          <Col id="msgNm">{0}은(는) {1} 중 하나의 값이어야 합니다.</Col>
          <Col id="msgType">A</Col>
        </Row>
        <Row>
          <Col id="msgId">MSG1320</Col>
          <Col id="msgNm">{0}은(는) 올바른 {1}이(가) 아닙니다.</Col>
          <Col id="msgType">A</Col>
        </Row>
        <Row>
          <Col id="msgId">MSG1321</Col>
          <Col id="msgNm">e-mail이 잘못된 형태로 입력 되었습니다.</Col>
          <Col id="msgType">A</Col>
        </Row>
        <Row>
          <Col id="msgId">MSG1322</Col>
          <Col id="msgNm">{0}은(는) 유효하지 않은 형식입니다.</Col>
          <Col id="msgType">A</Col>
        </Row>
        <Row>
          <Col id="msgId">MSG1323</Col>
          <Col id="msgNm">{0}의 값이 존재할 경우 {1}은(는) 필수 입력 항목입니다.</Col>
          <Col id="msgType">A</Col>
        </Row>
        <Row>
          <Col id="msgId">MSG1324</Col>
          <Col id="msgNm">{0}의 값이 {1}인 경우 {2}은(는) 필수 입력 항목입니다.</Col>
          <Col id="msgType">A</Col>
        </Row>
        <Row>
          <Col id="msgId">MSG1325</Col>
          <Col id="msgNm">[{0}] 중복된 데이터가 존재합니다.</Col>
          <Col id="msgType">A</Col>
        </Row>
        <Row>
          <Col id="msgId">MSG1326</Col>
          <Col id="msgNm">{0}은(는) {1}만 입력 가능합니다.</Col>
          <Col id="msgType">A</Col>
        </Row>
        <Row>
          <Col id="msgId">MSG1327</Col>
          <Col id="msgNm">{0}은(는) {1}와 같을 수 없습니다.</Col>
          <Col id="msgType">A</Col>
        </Row>
        <Row>
          <Col id="msgId">MSG1328</Col>
          <Col id="msgNm">즐겨찾기 추가는 10개 까지만 가능 합니다.\n삭제 후 추가해 주십시오.</Col>
          <Col id="msgType">A</Col>
        </Row>
      </Rows>
    </Dataset>
    <Dataset id="gdsMsg">
      <ColumnInfo>
        <Column id="msgId" type="STRING" size="20"/>
        <Column id="msgNm" type="STRING" size="500"/>
        <Column id="msgType" type="STRING" size="20"/>
      </ColumnInfo>
    </Dataset>
    <Dataset id="gdsTemp"/>
    <Dataset id="gdsFavorite" useclientlayout="true">
      <ColumnInfo>
        <Column id="empId" type="STRING" size="256"/>
        <Column id="menuId" type="STRING" size="256"/>
        <Column id="menuNm" type="STRING" size="256"/>
        <Column id="dispOrder" type="STRING" size="256"/>
      </ColumnInfo>
    </Dataset>
    <Dataset id="gdsVisit" useclientlayout="true">
      <ColumnInfo>
        <Column id="menuId" type="STRING" size="256"/>
        <Column id="menuNm" type="STRING" size="256"/>
      </ColumnInfo>
    </Dataset>
    <Dataset id="gdsUser">
      <ColumnInfo>
        <Column id="id" type="STRING" size="256"/>
        <Column id="name" type="STRING" size="256"/>
        <Column id="userRank" type="STRING" size="256"/>
        <Column id="empNo" type="STRING" size="256"/>
        <Column id="deptCode" type="STRING" size="256"/>
      </ColumnInfo>
    </Dataset>
    <Dataset id="gdsMainTile">
      <ColumnInfo>
        <Column id="tileId" type="STRING" size="256"/>
        <Column id="tileNm" type="STRING" size="256"/>
        <Column id="pgmUrl" type="STRING" size="256"/>
        <Column id="dispOrder" type="STRING" size="256"/>
        <Column id="visibleYn" type="STRING" size="256"/>
      </ColumnInfo>
      <Rows>
        <Row>
          <Col id="tileId">A</Col>
          <Col id="tileNm">FrameTile::A_11.xfdl</Col>
          <Col id="pgmUrl">FrameTile::A_11.xfdl</Col>
          <Col id="dispOrder">1</Col>
          <Col id="visibleYn">1</Col>
        </Row>
        <Row>
          <Col id="tileId">B</Col>
          <Col id="tileNm">FrameTile::A_12.xfdl</Col>
          <Col id="pgmUrl">FrameTile::A_12.xfdl</Col>
          <Col id="dispOrder">2</Col>
          <Col id="visibleYn">1</Col>
        </Row>
        <Row>
          <Col id="tileId">C</Col>
          <Col id="tileNm">FrameTile::A_13.xfdl</Col>
          <Col id="pgmUrl">FrameTile::A_13.xfdl</Col>
          <Col id="dispOrder">3</Col>
          <Col id="visibleYn">1</Col>
        </Row>
        <Row>
          <Col id="tileId">D</Col>
          <Col id="tileNm">FrameTile::B_11.xfdl</Col>
          <Col id="pgmUrl">FrameTile::B_11.xfdl</Col>
          <Col id="dispOrder">4</Col>
          <Col id="visibleYn">0</Col>
        </Row>
        <Row>
          <Col id="tileId">E</Col>
          <Col id="tileNm">FrameTile::B_12.xfdl</Col>
          <Col id="pgmUrl">FrameTile::B_12.xfdl</Col>
          <Col id="dispOrder">5</Col>
          <Col id="visibleYn">0</Col>
        </Row>
        <Row>
          <Col id="tileId">F</Col>
          <Col id="tileNm">FrameTile::B_13.xfdl</Col>
          <Col id="pgmUrl">FrameTile::B_13.xfdl</Col>
          <Col id="dispOrder">6</Col>
          <Col id="visibleYn">1</Col>
        </Row>
        <Row>
          <Col id="tileId">G</Col>
          <Col id="tileNm">FrameTile::C_11.xfdl</Col>
          <Col id="pgmUrl">FrameTile::C_11.xfdl</Col>
          <Col id="dispOrder">7</Col>
          <Col id="visibleYn">1</Col>
        </Row>
        <Row>
          <Col id="tileId">H</Col>
          <Col id="tileNm">FrameTile::C_12.xfdl</Col>
          <Col id="pgmUrl">FrameTile::C_12.xfdl</Col>
          <Col id="dispOrder">8</Col>
          <Col id="visibleYn">1</Col>
        </Row>
        <Row>
          <Col id="tileId">I</Col>
          <Col id="tileNm">FrameTile::C_13.xfdl</Col>
          <Col id="pgmUrl">FrameTile::C_13.xfdl</Col>
          <Col id="dispOrder">9</Col>
          <Col id="visibleYn">1</Col>
        </Row>
      </Rows>
    </Dataset>
    <Dataset id="gdsTerm">
      <ColumnInfo>
        <Column id="termId" type="STRING" size="256"/>
        <Column id="termNm" type="STRING" size="256"/>
      </ColumnInfo>
    </Dataset>
    <Dataset id="gdsCode">
      <ColumnInfo>
        <Column id="groupCd" type="STRING" size="256"/>
        <Column id="groupNm" type="STRING" size="256"/>
        <Column id="codeCd" type="STRING" size="256"/>
        <Column id="codeNm" type="STRING" size="256"/>
        <Column id="ref1" type="STRING" size="256"/>
        <Column id="ref2" type="STRING" size="256"/>
        <Column id="ref3" type="STRING" size="256"/>
        <Column id="ref4" type="STRING" size="256"/>
        <Column id="ref5" type="STRING" size="256"/>
        <Column id="useYn" type="STRING" size="256"/>
      </ColumnInfo>
      <Rows>
        <Row>
          <Col id="groupCd">3000</Col>
          <Col id="groupNm">지역명</Col>
          <Col id="codeCd">10</Col>
          <Col id="codeNm">서울시</Col>
          <Col id="ref2">A</Col>
          <Col id="ref1">1</Col>
        </Row>
        <Row>
          <Col id="groupCd">3000</Col>
          <Col id="groupNm">지역명</Col>
          <Col id="codeCd">20</Col>
          <Col id="codeNm">경기도</Col>
          <Col id="ref2">A</Col>
          <Col id="ref1">1</Col>
        </Row>
        <Row>
          <Col id="groupCd">3000</Col>
          <Col id="groupNm">지역명</Col>
          <Col id="codeCd">30</Col>
          <Col id="codeNm">강원도</Col>
          <Col id="ref1">0</Col>
        </Row>
        <Row>
          <Col id="groupCd">3001</Col>
          <Col id="groupNm">성별</Col>
          <Col id="codeCd">M</Col>
          <Col id="codeNm">남성</Col>
        </Row>
        <Row>
          <Col id="groupCd">3001</Col>
          <Col id="groupNm">성별</Col>
          <Col id="codeCd">W</Col>
          <Col id="codeNm">여성</Col>
        </Row>
        <Row>
          <Col id="groupCd">3002</Col>
          <Col id="groupNm">창고</Col>
          <Col id="codeCd">100</Col>
          <Col id="codeNm">양주</Col>
        </Row>
        <Row>
          <Col id="groupCd">3002</Col>
          <Col id="groupNm">창고</Col>
          <Col id="codeCd">200</Col>
          <Col id="codeNm">서대문</Col>
        </Row>
        <Row>
          <Col id="groupCd">3002</Col>
          <Col id="groupNm">창고</Col>
          <Col id="codeCd">300</Col>
          <Col id="codeNm">부산</Col>
          <Col id="ref1">B</Col>
        </Row>
        <Row>
          <Col id="groupCd">3002</Col>
          <Col id="groupNm">창고</Col>
          <Col id="codeCd">400</Col>
          <Col id="codeNm">경기</Col>
          <Col id="ref1">B</Col>
        </Row>
      </Rows>
    </Dataset>
  </Datasets>
  <Variables>
    <Variable id="gvVariable0" initval="ssdfg"/>
    <Variable id="gvVariable1" initval="sdfg"/>
  </Variables>
  <DataObjects/>
</AppVariables>
