﻿<?xml version="1.0" encoding="utf-8"?>
<ENV version="2.1">
  <Environment themeid="theme::blue" datatyperule="2.0">
    <ScreenDefinition>
      <Screen id="FrameLeftTreeMenu" type="desktop" key="FrameLeftTreeMenu" themeid="theme::nexaNStandard" tracemode="append" httptimeout="300" loadingimage="url('theme://images/nexaNStandard_loading.gif')"/>
    </ScreenDefinition>
    <Variables>
      <Variable id="evMaxTabCnt" initval="20"/>
      <Variable id="evSvcType" initval="Server profile (local / dev / prod)"/>
      <Variable id="evSessInactiveInterval" initval="30"/>
      <Variable id="evQuikView" initval="Y"/>
      <Variable id="evPjtWidth" initval="1820"/>
      <Variable id="evPjtHeight" initval="980"/>
      <Variable id="evIsCloseCheck" initval="true"/>
      <Variable id="evFrame" initval="FrameLeftMenu"/>
    </Variables>
    <Cookies/>
    <httpheader/>
  </Environment>
  <Script type="xscript5.1"><![CDATA[/**
 * @description 통신오류 알림
*/
this.Environment_onerror = function(obj:nexacro.Environment,e:nexacro.ErrorEventInfo)
{
	//trace("!!!!!!!!!!!!!!!!!!!!!!!!!!!!!!!!!!!!!!Environment_onerror!!!!!!!!!!!!!!!!!!!!!!!!!!!!!!!!!!!!!!");
	//trace("e.statuscode : " + e.statuscode);
	//trace("e.errormsg : " + e.errormsg);
	
	// 스크립트 에러
	if (e.statuscode == 0) {
		//alert(e.statuscode + "\n"+e.errormsg);
		return;
	} 
	//session time out : 401 는 프로젝트마다 다름.
	else if (e.statuscode == 401) {
		alert("장시간 사용하지 않아 자동 logout 되었습니다. \n재 login후 사용하시기 바랍니다.\n" + "[" + e.statuscode + "]");
	} 
	else if (e.statuscode == 404) {
		alert(e.statuscode+"\n"+"Page Not Found"+"\n"+e.errormsg);
		return;
	} 
	else if (e.statuscode == 408) {
		alert(e.statuscode+"\n"+"Request Timeout" + "\n"+e.errormsg);
		return;
	} 
	else if (e.statuscode == 500) {
		alert(e.statuscode+"\n"+"Internal Server Error" + "\n"+e.errormsg);
	} 
	else if (e.statuscode == 503) {
		alert(e.statuscode+"\n"+"The service is unavailable" + "\n"+e.errormsg);
	} 
	//10499 : 서버가 down되었거나, 요청url이 잘못되었을 경우 발생
	else if (e.statuscode == 10499) {
		alert("시스템이 정상적이지 않습니다. \n잠시후에 재 시도하시기 바랍니다.\n" + "[" + e.statuscode + "]");
	}
	else if (e.statuscode == 12029) {
		alert(e.statuscode+"\n"+"A connection with the server could not be established" + "\n"+e.errormsg);
	} 
	else if (e.statuscode == 10400) {
		//skip (10401 발생 후 다시 10400가 발생하므로 alert창을 한번만 보여주기 위해서 skip했음)
	} 
	//transaction수행(progress bar) 시 esc key 클릭시 발생
	else if (e.statuscode == 10401) {
		alert(e.statuscode + "\n" + e.errormsg);
	
	// 사용자가 ESC키를 눌렀을 경우 ESC통신 중단 방지처리
	//  - TODO : esc키 누를때 아래처럼 해야 되는지 고민 필요(fnc.풀무원에서는 아래처럼 했음)
	//else if (e.statuscode == 10401) {
	//	// trace("사용자가 ESC키를 눌렀을 경우 ESC통신 중단 방지처리!!!!!");
	//	trace('ESC key prevention');
	//	return true;
	//}	
	
	} 
 	//서버연결 실패
	else if (e.statuscode == 12029) {
 		alert(e.statuscode+"\n"+"A connection with the server could not be established" + "\n"+e.errormsg);
 	} 	
	// 미등록 오류 발생
	else {
		alert(e.statuscode + "\n" + e.errormsg);
	}

	//오류 발생 시 login화면으로 이동
	//  - TODO : 아래는 html5방식임
	//cookie 및 session clear
	var objEnv = nexacro.getEnvironment();
	var url = objEnv.services["svcurl"].url;
	window.location.href=url;
};
]]></Script>
</ENV>
