﻿<?xml version="1.0" encoding="utf-8"?>
<TypeDefinition version="3.0">
  <Modules>
    <Module url="CompBase.json"/>
    <Module url="ComComp.json"/>
    <Module url="Grid.json"/>
    <Module url="ListView.json"/>
    <Module url="DeviceAPI.json"/>
    <Module url="LibExt.json"/>
    <Module url="rMateChartH5.json"/>
  </Modules>
  <Components>
    <Component type="JavaScript" id="Button" classname="nexacro.Button" prefixid="btn"/>
    <Component type="JavaScript" id="Combo" classname="nexacro.Combo" prefixid="cbo"/>
    <Component type="JavaScript" id="Edit" classname="nexacro.Edit" prefixid="edt"/>
    <Component type="JavaScript" id="MaskEdit" classname="nexacro.MaskEdit" prefixid="msk"/>
    <Component type="JavaScript" id="TextArea" classname="nexacro.TextArea" prefixid="txt"/>
    <Component type="JavaScript" id="Static" classname="nexacro.Static" prefixid="sta"/>
    <Component type="JavaScript" id="Div" classname="nexacro.Div" prefixid="div"/>
    <Component type="JavaScript" id="PopupDiv" classname="nexacro.PopupDiv" prefixid="pdiv"/>
    <Component type="JavaScript" id="Radio" classname="nexacro.Radio" prefixid="rdo"/>
    <Component type="JavaScript" id="CheckBox" classname="nexacro.CheckBox" prefixid="chk"/>
    <Component type="JavaScript" id="ListBox" classname="nexacro.ListBox" prefixid="lst"/>
    <Component type="JavaScript" id="Grid" classname="nexacro.Grid" prefixid="grd"/>
    <Component type="JavaScript" id="Spin" classname="nexacro.Spin" prefixid="spn"/>
    <Component type="JavaScript" id="Menu" classname="nexacro.Menu" prefixid="mn"/>
    <Component type="JavaScript" id="PopupMenu" classname="nexacro.PopupMenu" prefixid="pmn"/>
    <Component type="JavaScript" id="Tab" classname="nexacro.Tab" prefixid="tab"/>
    <Component type="JavaScript" id="GroupBox" classname="nexacro.GroupBox" prefixid="grb"/>
    <Component type="JavaScript" id="Calendar" classname="nexacro.Calendar" prefixid="cal"/>
    <Component type="JavaScript" id="ImageViewer" classname="nexacro.ImageViewer" prefixid="img"/>
    <Component type="JavaScript" id="ProgressBar" classname="nexacro.ProgressBar" prefixid="pgb"/>
    <Component type="JavaScript" id="Plugin" classname="nexacro.Plugin" prefixid="plg"/>
    <Component type="JavaScript" id="Dataset" classname="nexacro.NormalDataset" prefixid="ds"/>
    <Component type="JavaScript" id="ListView" classname="nexacro.ListView" prefixid="lv"/>
    <Component type="JavaScript" id="DataObject" classname="nexacro.DataObject" prefixid="dob"/>
    <Component type="JavaScript" id="FileDialog" classname="nexacro.FileDialog" prefixid="fd"/>
    <Component type="JavaScript" id="FileDownTransfer" classname="nexacro.FileDownTransfer" prefixid="fdt"/>
    <Component type="JavaScript" id="FileUpTransfer" classname="nexacro.FileUpTransfer" prefixid="fut"/>
  </Components>
  <Services>
    <Service prefixid="theme" type="resource" url="./_resource_/_theme_/" version="0" cachelevel="session" include_subdir="true"/>
    <Service prefixid="initvalue" type="resource" url="./_resource_/_initvalue_/" version="0" cachelevel="session" include_subdir="false"/>
    <Service prefixid="xcssrc" type="resource" url="./_resource_/_xcss_/" version="0" cachelevel="session" include_subdir="false"/>
    <Service prefixid="imagerc" type="resource" url="./_resource_/_images_/" version="0" cachelevel="session" include_subdir="true"/>
    <Service prefixid="font" type="resource" url="./_resource_/_font_/" version="0" cachelevel="session" include_subdir="false"/>
    <Service prefixid="Frame" type="form" url="./Frame/" version="0" cachelevel="dynamic" include_subdir="false" communicationversion="0"/>
    <Service prefixid="FrameLeft" type="form" url="./Frame/Left/" version="0" cachelevel="session" include_subdir="false" communicationversion="0"/>
    <Service prefixid="Comm" type="form" url="./Frame/Comm/" version="0" cachelevel="dynamic" include_subdir="false" communicationversion="0"/>
    <Service prefixid="LibExt" type="js" url="./nexacrolib/component/LibExt/" version="0" cachelevel="none" include_subdir="false" communicationversion="0"/>
    <Service prefixid="LibAdd" type="js" url="./Frame/LibAdd/" version="0" cachelevel="none" include_subdir="false" communicationversion="0"/>
    <Service prefixid="Sample" type="form" url="./Sample/" version="0" cachelevel="dynamic" include_subdir="false" communicationversion="0"/>
    <Service prefixid="MAIN" type="form" url="./MAIN/" version="0" cachelevel="dynamic" include_subdir="false" communicationversion="0"/>
    <Service prefixid="test" type="form" url="./test/" version="0" cachelevel="dynamic" include_subdir="false" communicationversion="0"/>
    <Service prefixid="svcUrl" type="JSP" url="http://localhost:8080/" version="0" cachelevel="none" include_subdir="false" communicationversion="0"/>
  </Services>
  <Protocols/>
  <DeviceAdaptors/>
  <Update/>
</TypeDefinition>
